timestamp,phase,script_name,action,input_paths,output_paths,status,account_value_usd,position_rows,scenario_count,scenario_rows,email_sent,scheduler_used,broker_used,smtp_config_modified,archived_legacy_used,safety_notes
2026-07-09T16:08:31-05:00,phase5r_c5t,create_phase5r_c5t_trim_scenarios.py,create_manual_trim_scenarios,05_risk_and_positions/current_positions.local.csv;04_research/realtime_stock_picker_phase5r/phase5r_c5_position_review_recommendations.csv;00_project_control/phase5r_c4_concentration_policy.md,05_risk_and_positions/phase5r_c5t_trim_scenario_table.csv,complete,1000.00,2,6,12,no,no,no,no,no,scenario_only=yes; human_decision_required=yes; automatic_action_allowed=no
2026-07-09T16:08:31-05:00,phase5r_c5t,create_phase5r_c5t_manual_action_plan.py,create_hold_trim_wait_action_plan,05_risk_and_positions/current_positions.local.csv;05_risk_and_positions/phase5r_c5t_trim_scenario_table.csv;04_research/realtime_stock_picker_phase5r/phase5r_c5_weekly_conviction_scores.csv;04_research/realtime_stock_picker_phase5r/phase5r_c5_position_review_recommendations.csv,05_risk_and_positions/phase5r_c5t_hold_vs_trim_checklist.csv;05_risk_and_positions/phase5r_c5t_next_review_triggers.csv;05_risk_and_positions/phase5r_c5t_manual_action_plan.md;04_research/realtime_stock_picker_phase5r/phase5r_c5t_manual_action_report.md,complete,1000.00,2,6,12,no,no,no,no,no,planning_only=yes; no_delivery=yes; no_automation=yes; human_decision_required=yes
2026-07-09T16:08:31-05:00,phase5r_c5t,verify_phase5r_c5t_manual_action_boundary.py,verify_manual_action_boundary,phase5r_c5t_generated_outputs,00_project_control/phase5r_c5t_verification_report.md;04_research/realtime_stock_picker_phase5r/phase5r_c5t_verification_report.md,complete,1000.00,2,6,12,no,no,no,no,no,verification_complete=yes; credentials_not_read=yes; manual_only=yes
2026-07-09T16:10:21-05:00,phase5r_c5t,verify_phase5r_c5t_manual_action_boundary.py,verify_manual_action_boundary,phase5r_c5t_generated_outputs,00_project_control/phase5r_c5t_verification_report.md;04_research/realtime_stock_picker_phase5r/phase5r_c5t_verification_report.md,complete,1000.00,2,6,12,no,no,no,no,no,verification_complete=yes; credentials_not_read=yes; manual_only=yes
2026-07-09T16:32:36-05:00,phase5r_c5t,create_phase5r_c5t_trim_scenarios.py,create_manual_trim_scenarios,05_risk_and_positions/current_positions.local.csv;04_research/realtime_stock_picker_phase5r/phase5r_c5_position_review_recommendations.csv;00_project_control/phase5r_c4_concentration_policy.md,05_risk_and_positions/phase5r_c5t_trim_scenario_table.csv,complete,1000.00,2,6,12,no,no,no,no,no,scenario_only=yes; human_decision_required=yes; automatic_action_allowed=no
2026-07-09T16:32:36-05:00,phase5r_c5t,create_phase5r_c5t_manual_action_plan.py,create_hold_trim_wait_action_plan,05_risk_and_positions/current_positions.local.csv;05_risk_and_positions/phase5r_c5t_trim_scenario_table.csv;04_research/realtime_stock_picker_phase5r/phase5r_c5_weekly_conviction_scores.csv;04_research/realtime_stock_picker_phase5r/phase5r_c5_position_review_recommendations.csv,05_risk_and_positions/phase5r_c5t_hold_vs_trim_checklist.csv;05_risk_and_positions/phase5r_c5t_next_review_triggers.csv;05_risk_and_positions/phase5r_c5t_manual_action_plan.md;04_research/realtime_stock_picker_phase5r/phase5r_c5t_manual_action_report.md,complete,1000.00,2,6,12,no,no,no,no,no,planning_only=yes; no_delivery=yes; no_automation=yes; human_decision_required=yes
2026-07-09T16:32:53-05:00,phase5r_c5t,create_phase5r_c5t_trim_scenarios.py,create_manual_trim_scenarios,05_risk_and_positions/current_positions.local.csv;04_research/realtime_stock_picker_phase5r/phase5r_c5_position_review_recommendations.csv;00_project_control/phase5r_c4_concentration_policy.md,05_risk_and_positions/phase5r_c5t_trim_scenario_table.csv,complete,1000.00,2,6,12,no,no,no,no,no,scenario_only=yes; human_decision_required=yes; automatic_action_allowed=no
2026-07-09T16:32:53-05:00,phase5r_c5t,create_phase5r_c5t_manual_action_plan.py,create_hold_trim_wait_action_plan,05_risk_and_positions/current_positions.local.csv;05_risk_and_positions/phase5r_c5t_trim_scenario_table.csv;04_research/realtime_stock_picker_phase5r/phase5r_c5_weekly_conviction_scores.csv;04_research/realtime_stock_picker_phase5r/phase5r_c5_position_review_recommendations.csv,05_risk_and_positions/phase5r_c5t_hold_vs_trim_checklist.csv;05_risk_and_positions/phase5r_c5t_next_review_triggers.csv;05_risk_and_positions/phase5r_c5t_manual_action_plan.md;04_research/realtime_stock_picker_phase5r/phase5r_c5t_manual_action_report.md,complete,1000.00,2,6,12,no,no,no,no,no,planning_only=yes; no_delivery=yes; no_automation=yes; human_decision_required=yes
2026-07-09T16:35:50-05:00,phase5r_c5t,create_phase5r_c5t_trim_scenarios.py,create_manual_trim_scenarios,05_risk_and_positions/current_positions.local.csv;04_research/realtime_stock_picker_phase5r/phase5r_c5_position_review_recommendations.csv;00_project_control/phase5r_c4_concentration_policy.md,05_risk_and_positions/phase5r_c5t_trim_scenario_table.csv,complete,1000.00,2,6,12,no,no,no,no,no,scenario_only=yes; human_decision_required=yes; automatic_action_allowed=no
2026-07-09T16:35:50-05:00,phase5r_c5t,create_phase5r_c5t_manual_action_plan.py,create_hold_trim_wait_action_plan,05_risk_and_positions/current_positions.local.csv;05_risk_and_positions/phase5r_c5t_trim_scenario_table.csv;04_research/realtime_stock_picker_phase5r/phase5r_c5_weekly_conviction_scores.csv;04_research/realtime_stock_picker_phase5r/phase5r_c5_position_review_recommendations.csv,05_risk_and_positions/phase5r_c5t_hold_vs_trim_checklist.csv;05_risk_and_positions/phase5r_c5t_next_review_triggers.csv;05_risk_and_positions/phase5r_c5t_manual_action_plan.md;04_research/realtime_stock_picker_phase5r/phase5r_c5t_manual_action_report.md,complete,1000.00,2,6,12,no,no,no,no,no,planning_only=yes; no_delivery=yes; no_automation=yes; human_decision_required=yes
2026-07-17T15:32:03-04:00,phase5r_c5t,create_phase5r_c5t_trim_scenarios.py,create_manual_trim_scenarios,05_risk_and_positions/current_positions.local.csv;04_research/realtime_stock_picker_phase5r/phase5r_c5_position_review_recommendations.csv;00_project_control/phase5r_c4_concentration_policy.md,05_risk_and_positions/phase5r_c5t_trim_scenario_table.csv,complete,1000.00,2,6,12,no,no,no,no,no,scenario_only=yes; human_decision_required=yes; automatic_action_allowed=no
2026-07-17T15:32:03-04:00,phase5r_c5t,create_phase5r_c5t_manual_action_plan.py,create_hold_trim_wait_action_plan,05_risk_and_positions/current_positions.local.csv;05_risk_and_positions/phase5r_c5t_trim_scenario_table.csv;04_research/realtime_stock_picker_phase5r/phase5r_c5_weekly_conviction_scores.csv;04_research/realtime_stock_picker_phase5r/phase5r_c5_position_review_recommendations.csv,05_risk_and_positions/phase5r_c5t_hold_vs_trim_checklist.csv;05_risk_and_positions/phase5r_c5t_next_review_triggers.csv;05_risk_and_positions/phase5r_c5t_manual_action_plan.md;04_research/realtime_stock_picker_phase5r/phase5r_c5t_manual_action_report.md,complete,1000.00,2,6,12,no,no,no,no,no,planning_only=yes; no_delivery=yes; no_automation=yes; human_decision_required=yes
2026-07-17T16:00:11-04:00,phase5r_c5t,create_phase5r_c5t_trim_scenarios.py,create_manual_trim_scenarios,05_risk_and_positions/current_positions.local.csv;04_research/realtime_stock_picker_phase5r/phase5r_c5_position_review_recommendations.csv;00_project_control/phase5r_c4_concentration_policy.md,05_risk_and_positions/phase5r_c5t_trim_scenario_table.csv,complete,1000.00,2,6,12,no,no,no,no,no,scenario_only=yes; human_decision_required=yes; automatic_action_allowed=no
2026-07-17T16:00:13-04:00,phase5r_c5t,create_phase5r_c5t_manual_action_plan.py,create_hold_trim_wait_action_plan,05_risk_and_positions/current_positions.local.csv;05_risk_and_positions/phase5r_c5t_trim_scenario_table.csv;04_research/realtime_stock_picker_phase5r/phase5r_c5_weekly_conviction_scores.csv;04_research/realtime_stock_picker_phase5r/phase5r_c5_position_review_recommendations.csv,05_risk_and_positions/phase5r_c5t_hold_vs_trim_checklist.csv;05_risk_and_positions/phase5r_c5t_next_review_triggers.csv;05_risk_and_positions/phase5r_c5t_manual_action_plan.md;04_research/realtime_stock_picker_phase5r/phase5r_c5t_manual_action_report.md,complete,1000.00,2,6,12,no,no,no,no,no,planning_only=yes; no_delivery=yes; no_automation=yes; human_decision_required=yes
2026-07-18T17:58:46-04:00,phase5r_c5t,create_phase5r_c5t_trim_scenarios.py,create_manual_trim_scenarios,05_risk_and_positions/current_positions.local.csv;04_research/realtime_stock_picker_phase5r/phase5r_c5_position_review_recommendations.csv;00_project_control/phase5r_c4_concentration_policy.md,05_risk_and_positions/phase5r_c5t_trim_scenario_table.csv,complete,1000.00,2,6,12,no,no,no,no,no,scenario_only=yes; human_decision_required=yes; automatic_action_allowed=no
2026-07-18T17:58:46-04:00,phase5r_c5t,create_phase5r_c5t_manual_action_plan.py,create_hold_trim_wait_action_plan,05_risk_and_positions/current_positions.local.csv;05_risk_and_positions/phase5r_c5t_trim_scenario_table.csv;04_research/realtime_stock_picker_phase5r/phase5r_c5_weekly_conviction_scores.csv;04_research/realtime_stock_picker_phase5r/phase5r_c5_position_review_recommendations.csv,05_risk_and_positions/phase5r_c5t_hold_vs_trim_checklist.csv;05_risk_and_positions/phase5r_c5t_next_review_triggers.csv;05_risk_and_positions/phase5r_c5t_manual_action_plan.md;04_research/realtime_stock_picker_phase5r/phase5r_c5t_manual_action_report.md,complete,1000.00,2,6,12,no,no,no,no,no,planning_only=yes; no_delivery=yes; no_automation=yes; human_decision_required=yes
2026-07-18T18:11:43-04:00,phase5r_c5t,create_phase5r_c5t_trim_scenarios.py,create_manual_trim_scenarios,05_risk_and_positions/current_positions.local.csv;04_research/realtime_stock_picker_phase5r/phase5r_c5_position_review_recommendations.csv;00_project_control/phase5r_c4_concentration_policy.md,05_risk_and_positions/phase5r_c5t_trim_scenario_table.csv,complete,1000.00,2,6,12,no,no,no,no,no,scenario_only=yes; human_decision_required=yes; automatic_action_allowed=no
2026-07-18T18:11:43-04:00,phase5r_c5t,create_phase5r_c5t_manual_action_plan.py,create_hold_trim_wait_action_plan,05_risk_and_positions/current_positions.local.csv;05_risk_and_positions/phase5r_c5t_trim_scenario_table.csv;04_research/realtime_stock_picker_phase5r/phase5r_c5_weekly_conviction_scores.csv;04_research/realtime_stock_picker_phase5r/phase5r_c5_position_review_recommendations.csv,05_risk_and_positions/phase5r_c5t_hold_vs_trim_checklist.csv;05_risk_and_positions/phase5r_c5t_next_review_triggers.csv;05_risk_and_positions/phase5r_c5t_manual_action_plan.md;04_research/realtime_stock_picker_phase5r/phase5r_c5t_manual_action_report.md,complete,1000.00,2,6,12,no,no,no,no,no,planning_only=yes; no_delivery=yes; no_automation=yes; human_decision_required=yes
