timestamp,cycle_date,mode,result,email_attempted,email_sent,c7_invoked,smtp_config_read,smtp_config_modified,broker_connected,broker_account_read,order_code_created,phase5r_e_created
2026-07-23T23:52:16-04:00,2026-07-23,protected,PASS,no,no,no,no,no,no,no,no,no
2026-07-23T23:52:41-04:00,2026-07-23,operational,PASS,no,no,no,no,no,no,no,no,no
2026-07-23T23:58:58-04:00,2026-07-23,operational,PASS,no,no,no,no,no,no,no,no,no
2026-07-24T00:01:27-04:00,2026-07-24,operational,PASS,no,no,no,no,no,no,no,no,no
2026-07-24T00:04:30-04:00,2026-07-24,operational,PASS,no,no,no,no,no,no,no,no,no
2026-07-24T23:48:40-04:00,2026-07-24,operational,PASS,no,no,no,no,no,no,no,no,no
2026-07-25T02:57:06-04:00,2026-07-25,operational,PASS,no,no,no,no,no,no,no,no,no
2026-07-25T04:34:31-04:00,2026-07-25,operational,PASS,no,no,no,no,no,no,no,no,no
2026-07-27T22:44:01-04:00,2026-07-27,protected,FAIL,no,no,no,no,no,no,no,no,no
2026-07-27T22:44:20-04:00,2026-07-27,operational,PASS,no,no,no,no,no,no,no,no,no
2026-08-09T07:17:59-04:00,2026-08-09,protected,FAIL,no,no,no,no,no,no,no,no,no
2026-08-09T07:18:36-04:00,2026-08-09,operational,PASS,no,no,no,no,no,no,no,no,no
2026-08-11T00:05:44-04:00,2026-08-11,operational,FAIL,no,no,no,no,no,no,no,no,no
2026-08-11T06:36:45-04:00,2026-08-11,operational,FAIL,no,no,no,no,no,no,no,no,no
