timestamp,phase,script_name,action,status,execution_id,execution_status,input_paths,output_paths,positions_modified,account_state_modified,email_sent,d3_inhibit_active,broker_used,order_code_created,smtp_config_modified,archived_legacy_used,notes
2026-07-19T21:55:37-04:00,phase5r_c9b,create_phase5r_c9b_execution_template.py,create_or_validate_execution_intake,complete,C9B-IOT-PENDING-001,pending_fill,05_risk_and_positions/current_positions.local.csv;05_risk_and_positions/current_account_state.local.json;05_risk_and_positions/phase5r_c9_exact_action_plan.csv,06_execution_records/manual_executions.local.csv;06_execution_records/manual_executions.local.csv.template;06_execution_records/manual_executions.local.csv.example;06_execution_records/phase5r_c9b_pending_execution_report.csv,no,no,no,yes,no,no,no,no,local_execution_created=yes; fill_price_invented=no
2026-07-19T21:55:37-04:00,phase5r_c9b,validate_phase5r_c9b_execution_fill.py,validate_execution_intake,complete,,validation_only,06_execution_records/manual_executions.local.csv;05_risk_and_positions/current_positions.local.csv;05_risk_and_positions/current_account_state.local.json,06_execution_records/phase5r_c9b_pending_execution_report.csv;06_execution_records/phase5r_c9b_confirmed_execution_report.csv,no,no,no,yes,no,no,no,no,pending_rows=1; confirmed_rows=0; canonical_state_modified=no
2026-07-19T21:55:38-04:00,phase5r_c9b,reconcile_phase5r_c9b_account_state.py,preview_account_reconciliation,complete,C9B-IOT-PENDING-001,pending_fill,06_execution_records/manual_executions.local.csv;05_risk_and_positions/current_positions.local.csv;05_risk_and_positions/current_account_state.local.json;03_source_data/phase5r/phase5r_b2_market_data_snapshot.csv,06_execution_records/phase5r_c9b_reconciliation_report.csv;05_risk_and_positions/phase5r_c9b_post_execution_weights.csv;05_risk_and_positions/phase5r_c9b_post_execution_account_summary.md;04_research/realtime_stock_picker_phase5r/phase5r_c9b_execution_report.md,no,no,no,yes,no,no,no,no,reconciliation_state=pending_no_mutation; fill_price_invented=no
2026-07-19T21:55:38-04:00,phase5r_c9b,create_phase5r_c9b_price_aware_action_plan.py,create_price_aware_action_plan,complete,,pending_fill,05_risk_and_positions/current_account_state.local.json;05_risk_and_positions/phase5r_c9_exact_action_plan.csv;05_risk_and_positions/phase5r_c9_dynamic_position_weights.csv;03_source_data/phase5r/phase5r_b2_market_data_snapshot.csv;06_execution_records/manual_executions.local.csv,05_risk_and_positions/phase5r_c9b_price_aware_action_plan.csv;04_research/realtime_stock_picker_phase5r/phase5r_c9b_execution_report.md,no,no,no,yes,no,no,no,no,market_at_open_default=no; limit_non_execution_risk=yes; fill_price_invented=no
2026-07-19T21:55:38-04:00,phase5r_c9b,verify_phase5r_c9b_boundary.py,verify_c9b_boundary,failed,C9B-IOT-PENDING-001,pending_fill,06_execution_records/manual_executions.local.csv;05_risk_and_positions/current_positions.local.csv;05_risk_and_positions/current_account_state.local.json;05_risk_and_positions/phase5r_c9b_price_aware_action_plan.csv;06_execution_records/phase5r_c9b_reconciliation_report.csv,00_project_control/phase5r_c9b_verification_report.md;04_research/realtime_stock_picker_phase5r/phase5r_c9b_verification_report.md,no,no,no,yes,no,no,no,no,verification_status=FAIL; failures=1
2026-07-19T21:55:57-04:00,phase5r_c9b,verify_phase5r_c9b_boundary.py,verify_c9b_boundary,complete,C9B-IOT-PENDING-001,pending_fill,06_execution_records/manual_executions.local.csv;05_risk_and_positions/current_positions.local.csv;05_risk_and_positions/current_account_state.local.json;05_risk_and_positions/phase5r_c9b_price_aware_action_plan.csv;06_execution_records/phase5r_c9b_reconciliation_report.csv,00_project_control/phase5r_c9b_verification_report.md;04_research/realtime_stock_picker_phase5r/phase5r_c9b_verification_report.md,no,no,no,yes,no,no,no,no,verification_status=PASS; failures=0
2026-07-19T21:58:04-04:00,phase5r_c9b,create_phase5r_c9b_execution_template.py,create_or_validate_execution_intake,complete,,pending_fill,05_risk_and_positions/current_positions.local.csv;05_risk_and_positions/current_account_state.local.json;05_risk_and_positions/phase5r_c9_exact_action_plan.csv,06_execution_records/manual_executions.local.csv;06_execution_records/manual_executions.local.csv.template;06_execution_records/manual_executions.local.csv.example;06_execution_records/phase5r_c9b_pending_execution_report.csv,no,no,no,yes,no,no,no,no,local_execution_created=no; fill_price_invented=no
2026-07-19T21:58:04-04:00,phase5r_c9b,validate_phase5r_c9b_execution_fill.py,validate_execution_intake,complete,,validation_only,06_execution_records/manual_executions.local.csv;05_risk_and_positions/current_positions.local.csv;05_risk_and_positions/current_account_state.local.json,06_execution_records/phase5r_c9b_pending_execution_report.csv;06_execution_records/phase5r_c9b_confirmed_execution_report.csv,no,no,no,yes,no,no,no,no,pending_rows=1; confirmed_rows=0; canonical_state_modified=no
2026-07-19T21:58:04-04:00,phase5r_c9b,reconcile_phase5r_c9b_account_state.py,preview_account_reconciliation,complete,C9B-IOT-PENDING-001,pending_fill,06_execution_records/manual_executions.local.csv;05_risk_and_positions/current_positions.local.csv;05_risk_and_positions/current_account_state.local.json;03_source_data/phase5r/phase5r_b2_market_data_snapshot.csv,06_execution_records/phase5r_c9b_reconciliation_report.csv;05_risk_and_positions/phase5r_c9b_post_execution_weights.csv;05_risk_and_positions/phase5r_c9b_post_execution_account_summary.md;04_research/realtime_stock_picker_phase5r/phase5r_c9b_execution_report.md,no,no,no,yes,no,no,no,no,reconciliation_state=pending_no_mutation; fill_price_invented=no
2026-07-19T21:58:04-04:00,phase5r_c9b,create_phase5r_c9b_price_aware_action_plan.py,create_price_aware_action_plan,complete,,pending_fill,05_risk_and_positions/current_account_state.local.json;05_risk_and_positions/phase5r_c9_exact_action_plan.csv;05_risk_and_positions/phase5r_c9_dynamic_position_weights.csv;03_source_data/phase5r/phase5r_b2_market_data_snapshot.csv;06_execution_records/manual_executions.local.csv,05_risk_and_positions/phase5r_c9b_price_aware_action_plan.csv;04_research/realtime_stock_picker_phase5r/phase5r_c9b_execution_report.md,no,no,no,yes,no,no,no,no,market_at_open_default=no; limit_non_execution_risk=yes; fill_price_invented=no
2026-07-19T21:58:04-04:00,phase5r_c9b,verify_phase5r_c9b_boundary.py,verify_c9b_boundary,complete,C9B-IOT-PENDING-001,pending_fill,06_execution_records/manual_executions.local.csv;05_risk_and_positions/current_positions.local.csv;05_risk_and_positions/current_account_state.local.json;05_risk_and_positions/phase5r_c9b_price_aware_action_plan.csv;06_execution_records/phase5r_c9b_reconciliation_report.csv,00_project_control/phase5r_c9b_verification_report.md;04_research/realtime_stock_picker_phase5r/phase5r_c9b_verification_report.md,no,no,no,yes,no,no,no,no,verification_status=PASS; failures=0
2026-07-19T21:59:30-04:00,phase5r_c9b,verify_phase5r_c9b_boundary.py,verify_c9b_boundary,complete,C9B-IOT-PENDING-001,pending_fill,06_execution_records/manual_executions.local.csv;05_risk_and_positions/current_positions.local.csv;05_risk_and_positions/current_account_state.local.json;05_risk_and_positions/phase5r_c9b_price_aware_action_plan.csv;06_execution_records/phase5r_c9b_reconciliation_report.csv,00_project_control/phase5r_c9b_verification_report.md;04_research/realtime_stock_picker_phase5r/phase5r_c9b_verification_report.md,no,no,no,yes,no,no,no,no,verification_status=PASS; failures=0
2026-07-19T22:00:02-04:00,phase5r_c9b,verify_phase5r_c9b_boundary.py,verify_c9b_boundary,complete,C9B-IOT-PENDING-001,pending_fill,06_execution_records/manual_executions.local.csv;05_risk_and_positions/current_positions.local.csv;05_risk_and_positions/current_account_state.local.json;05_risk_and_positions/phase5r_c9b_price_aware_action_plan.csv;06_execution_records/phase5r_c9b_reconciliation_report.csv,00_project_control/phase5r_c9b_verification_report.md;04_research/realtime_stock_picker_phase5r/phase5r_c9b_verification_report.md,no,no,no,yes,no,no,no,no,verification_status=PASS; failures=0
2026-07-19T22:03:19-04:00,phase5r_c9b,validate_phase5r_c9b_execution_fill.py,validate_execution_intake,complete,,validation_only,06_execution_records/manual_executions.local.csv;05_risk_and_positions/current_positions.local.csv;05_risk_and_positions/current_account_state.local.json,06_execution_records/phase5r_c9b_pending_execution_report.csv;06_execution_records/phase5r_c9b_confirmed_execution_report.csv,no,no,no,yes,no,no,no,no,pending_rows=1; confirmed_rows=0; canonical_state_modified=no
2026-07-19T22:03:19-04:00,phase5r_c9b,reconcile_phase5r_c9b_account_state.py,preview_account_reconciliation,complete,C9B-IOT-PENDING-001,pending_fill,06_execution_records/manual_executions.local.csv;05_risk_and_positions/current_positions.local.csv;05_risk_and_positions/current_account_state.local.json;03_source_data/phase5r/phase5r_b2_market_data_snapshot.csv,06_execution_records/phase5r_c9b_reconciliation_report.csv;05_risk_and_positions/phase5r_c9b_post_execution_weights.csv;05_risk_and_positions/phase5r_c9b_post_execution_account_summary.md;04_research/realtime_stock_picker_phase5r/phase5r_c9b_execution_report.md,no,no,no,yes,no,no,no,no,reconciliation_state=pending_no_mutation; fill_price_invented=no
2026-07-19T22:03:19-04:00,phase5r_c9b,create_phase5r_c9b_price_aware_action_plan.py,create_price_aware_action_plan,complete,,pending_fill,05_risk_and_positions/current_account_state.local.json;05_risk_and_positions/phase5r_c9_exact_action_plan.csv;05_risk_and_positions/phase5r_c9_dynamic_position_weights.csv;03_source_data/phase5r/phase5r_b2_market_data_snapshot.csv;06_execution_records/manual_executions.local.csv,05_risk_and_positions/phase5r_c9b_price_aware_action_plan.csv;04_research/realtime_stock_picker_phase5r/phase5r_c9b_execution_report.md,no,no,no,yes,no,no,no,no,market_at_open_default=no; limit_non_execution_risk=yes; fill_price_invented=no
2026-07-19T22:03:20-04:00,phase5r_c9b,verify_phase5r_c9b_boundary.py,verify_c9b_boundary,complete,C9B-IOT-PENDING-001,pending_fill,06_execution_records/manual_executions.local.csv;05_risk_and_positions/current_positions.local.csv;05_risk_and_positions/current_account_state.local.json;05_risk_and_positions/phase5r_c9b_price_aware_action_plan.csv;06_execution_records/phase5r_c9b_reconciliation_report.csv,00_project_control/phase5r_c9b_verification_report.md;04_research/realtime_stock_picker_phase5r/phase5r_c9b_verification_report.md,no,no,no,yes,no,no,no,no,verification_status=PASS; failures=0
2026-07-19T22:03:53-04:00,phase5r_c9b,reconcile_phase5r_c9b_account_state.py,preview_account_reconciliation,complete,C9B-IOT-PENDING-001,pending_fill,06_execution_records/manual_executions.local.csv;05_risk_and_positions/current_positions.local.csv;05_risk_and_positions/current_account_state.local.json;03_source_data/phase5r/phase5r_b2_market_data_snapshot.csv,06_execution_records/phase5r_c9b_reconciliation_report.csv;05_risk_and_positions/phase5r_c9b_post_execution_weights.csv;05_risk_and_positions/phase5r_c9b_post_execution_account_summary.md;04_research/realtime_stock_picker_phase5r/phase5r_c9b_execution_report.md,no,no,no,yes,no,no,no,no,reconciliation_state=pending_no_mutation; fill_price_invented=no
2026-07-19T22:03:53-04:00,phase5r_c9b,verify_phase5r_c9b_boundary.py,verify_c9b_boundary,complete,C9B-IOT-PENDING-001,pending_fill,06_execution_records/manual_executions.local.csv;05_risk_and_positions/current_positions.local.csv;05_risk_and_positions/current_account_state.local.json;05_risk_and_positions/phase5r_c9b_price_aware_action_plan.csv;06_execution_records/phase5r_c9b_reconciliation_report.csv,00_project_control/phase5r_c9b_verification_report.md;04_research/realtime_stock_picker_phase5r/phase5r_c9b_verification_report.md,no,no,no,yes,no,no,no,no,verification_status=PASS; failures=0
2026-07-20T23:15:31-04:00,phase5r_c9b,validate_phase5r_c9b_execution_fill.py,record_and_validate_execution,complete,C9B-IOT-PENDING-001,filled,06_execution_records/manual_executions.local.csv;05_risk_and_positions/current_positions.local.csv;05_risk_and_positions/current_account_state.local.json,06_execution_records/phase5r_c9b_pending_execution_report.csv;06_execution_records/phase5r_c9b_confirmed_execution_report.csv,no,no,no,yes,no,no,no,no,pending_rows=0; confirmed_rows=1; canonical_state_modified=no
2026-07-20T23:15:50-04:00,phase5r_c9b,reconcile_phase5r_c9b_account_state.py,preview_account_reconciliation,complete,C9B-IOT-PENDING-001,filled,06_execution_records/manual_executions.local.csv;05_risk_and_positions/current_positions.local.csv;05_risk_and_positions/current_account_state.local.json;03_source_data/phase5r/phase5r_b2_market_data_snapshot.csv,06_execution_records/phase5r_c9b_reconciliation_report.csv;05_risk_and_positions/phase5r_c9b_post_execution_weights.csv;05_risk_and_positions/phase5r_c9b_post_execution_account_summary.md;04_research/realtime_stock_picker_phase5r/phase5r_c9b_execution_report.md,no,no,no,yes,no,no,no,no,reconciliation_state=validated_preview_not_applied; fill_price_invented=no
2026-07-23T23:20:05-04:00,phase5r_c9b,create_phase5r_c9b_price_aware_action_plan.py,create_price_aware_action_plan,complete,,filled,05_risk_and_positions/current_account_state.local.json;05_risk_and_positions/phase5r_c9_exact_action_plan.csv;05_risk_and_positions/phase5r_c9_dynamic_position_weights.csv;03_source_data/phase5r/phase5r_b2_market_data_snapshot.csv;06_execution_records/manual_executions.local.csv,05_risk_and_positions/phase5r_c9b_price_aware_action_plan.csv;04_research/realtime_stock_picker_phase5r/phase5r_c9b_execution_report.md,no,no,no,yes,no,no,no,no,market_at_open_default=no; limit_non_execution_risk=yes; fill_price_invented=no
2026-07-23T23:20:05-04:00,phase5r_c9b,reconcile_phase5r_c9b_account_state.py,apply_account_reconciliation,complete,C9B-IOT-PENDING-001,filled,06_execution_records/manual_executions.local.csv;05_risk_and_positions/current_positions.local.csv;05_risk_and_positions/current_account_state.local.json;03_source_data/phase5r/phase5r_b2_market_data_snapshot.csv,06_execution_records/phase5r_c9b_reconciliation_report.csv;05_risk_and_positions/phase5r_c9b_post_execution_weights.csv;05_risk_and_positions/phase5r_c9b_post_execution_account_summary.md;04_research/realtime_stock_picker_phase5r/phase5r_c9b_execution_report.md,yes,yes,no,yes,no,no,no,no,reconciliation_state=applied; fill_price_invented=no
2026-07-23T23:51:43-04:00,phase5r_c9b,create_phase5r_c9b_price_aware_action_plan.py,create_price_aware_action_plan,complete,,filled,05_risk_and_positions/current_account_state.local.json;05_risk_and_positions/phase5r_c9_exact_action_plan.csv;05_risk_and_positions/phase5r_c9_dynamic_position_weights.csv;03_source_data/phase5r/phase5r_b2_market_data_snapshot.csv;06_execution_records/manual_executions.local.csv,05_risk_and_positions/phase5r_c9b_price_aware_action_plan.csv;04_research/realtime_stock_picker_phase5r/phase5r_c9b_execution_report.md,no,no,no,yes,no,no,no,no,market_at_open_default=no; limit_non_execution_risk=yes; fill_price_invented=no
2026-07-23T23:55:38-04:00,phase5r_c9b,create_phase5r_c9b_price_aware_action_plan.py,create_price_aware_action_plan,complete,,filled,05_risk_and_positions/current_account_state.local.json;05_risk_and_positions/phase5r_c9_exact_action_plan.csv;05_risk_and_positions/phase5r_c9_dynamic_position_weights.csv;03_source_data/phase5r/phase5r_b2_market_data_snapshot.csv;06_execution_records/manual_executions.local.csv,05_risk_and_positions/phase5r_c9b_price_aware_action_plan.csv;04_research/realtime_stock_picker_phase5r/phase5r_c9b_execution_report.md,no,no,no,no,no,no,no,no,market_at_open_default=no; limit_non_execution_risk=yes; fill_price_invented=no
2026-07-24T00:00:56-04:00,phase5r_c9b,create_phase5r_c9b_price_aware_action_plan.py,create_price_aware_action_plan,complete,,filled,05_risk_and_positions/current_account_state.local.json;05_risk_and_positions/phase5r_c9_exact_action_plan.csv;05_risk_and_positions/phase5r_c9_dynamic_position_weights.csv;03_source_data/phase5r/phase5r_b2_market_data_snapshot.csv;06_execution_records/manual_executions.local.csv,05_risk_and_positions/phase5r_c9b_price_aware_action_plan.csv;04_research/realtime_stock_picker_phase5r/phase5r_c9b_execution_report.md,no,no,no,no,no,no,no,no,market_at_open_default=no; limit_non_execution_risk=yes; fill_price_invented=no
2026-07-24T00:03:23-04:00,phase5r_c9b,create_phase5r_c9b_price_aware_action_plan.py,create_price_aware_action_plan,complete,,filled,05_risk_and_positions/current_account_state.local.json;05_risk_and_positions/phase5r_c9_exact_action_plan.csv;05_risk_and_positions/phase5r_c9_dynamic_position_weights.csv;03_source_data/phase5r/phase5r_b2_market_data_snapshot.csv;06_execution_records/manual_executions.local.csv,05_risk_and_positions/phase5r_c9b_price_aware_action_plan.csv;04_research/realtime_stock_picker_phase5r/phase5r_c9b_execution_report.md,no,no,no,no,no,no,no,no,market_at_open_default=no; limit_non_execution_risk=yes; fill_price_invented=no
2026-07-24T11:20:35-04:00,phase5r_c9b,create_phase5r_c9b_price_aware_action_plan.py,create_price_aware_action_plan,complete,,filled,05_risk_and_positions/current_account_state.local.json;05_risk_and_positions/phase5r_c9_exact_action_plan.csv;05_risk_and_positions/phase5r_c9_dynamic_position_weights.csv;03_source_data/phase5r/phase5r_b2_market_data_snapshot.csv;06_execution_records/manual_executions.local.csv,05_risk_and_positions/phase5r_c9b_price_aware_action_plan.csv;04_research/realtime_stock_picker_phase5r/phase5r_c9b_execution_report.md,no,no,no,no,no,no,no,no,market_at_open_default=no; limit_non_execution_risk=yes; fill_price_invented=no
2026-07-24T12:52:04-04:00,phase5r_c9b,create_phase5r_c9b_price_aware_action_plan.py,create_price_aware_action_plan,complete,,filled,05_risk_and_positions/current_account_state.local.json;05_risk_and_positions/phase5r_c9_exact_action_plan.csv;05_risk_and_positions/phase5r_c9_dynamic_position_weights.csv;03_source_data/phase5r/phase5r_b2_market_data_snapshot.csv;06_execution_records/manual_executions.local.csv,05_risk_and_positions/phase5r_c9b_price_aware_action_plan.csv;04_research/realtime_stock_picker_phase5r/phase5r_c9b_execution_report.md,no,no,no,no,no,no,no,no,market_at_open_default=no; limit_non_execution_risk=yes; fill_price_invented=no
2026-07-24T19:12:19-04:00,phase5r_c9b,create_phase5r_c9b_price_aware_action_plan.py,create_price_aware_action_plan,complete,,filled,05_risk_and_positions/current_account_state.local.json;05_risk_and_positions/phase5r_c9_exact_action_plan.csv;05_risk_and_positions/phase5r_c9_dynamic_position_weights.csv;03_source_data/phase5r/phase5r_b2_market_data_snapshot.csv;06_execution_records/manual_executions.local.csv,05_risk_and_positions/phase5r_c9b_price_aware_action_plan.csv;04_research/realtime_stock_picker_phase5r/phase5r_c9b_execution_report.md,no,no,no,no,no,no,no,no,market_at_open_default=no; limit_non_execution_risk=yes; fill_price_invented=no
2026-07-24T19:13:56-04:00,phase5r_c9b,create_phase5r_c9b_price_aware_action_plan.py,create_price_aware_action_plan,complete,,filled,05_risk_and_positions/current_account_state.local.json;05_risk_and_positions/phase5r_c9_exact_action_plan.csv;05_risk_and_positions/phase5r_c9_dynamic_position_weights.csv;03_source_data/phase5r/phase5r_b2_market_data_snapshot.csv;06_execution_records/manual_executions.local.csv,05_risk_and_positions/phase5r_c9b_price_aware_action_plan.csv;04_research/realtime_stock_picker_phase5r/phase5r_c9b_execution_report.md,no,no,no,no,no,no,no,no,market_at_open_default=no; limit_non_execution_risk=yes; fill_price_invented=no
2026-07-24T23:21:29-04:00,phase5r_c9b,create_phase5r_c9b_price_aware_action_plan.py,create_price_aware_action_plan,complete,,filled,05_risk_and_positions/current_account_state.local.json;05_risk_and_positions/phase5r_c9_exact_action_plan.csv;05_risk_and_positions/phase5r_c9_dynamic_position_weights.csv;03_source_data/phase5r/phase5r_b2_market_data_snapshot.csv;06_execution_records/manual_executions.local.csv,05_risk_and_positions/phase5r_c9b_price_aware_action_plan.csv;04_research/realtime_stock_picker_phase5r/phase5r_c9b_execution_report.md,no,no,no,no,no,no,no,no,market_at_open_default=no; limit_non_execution_risk=yes; fill_price_invented=no
2026-07-25T12:48:04-04:00,phase5r_c9b,create_phase5r_c9b_price_aware_action_plan.py,create_price_aware_action_plan,complete,,filled,05_risk_and_positions/current_account_state.local.json;05_risk_and_positions/phase5r_c9_exact_action_plan.csv;05_risk_and_positions/phase5r_c9_dynamic_position_weights.csv;03_source_data/phase5r/phase5r_b2_market_data_snapshot.csv;06_execution_records/manual_executions.local.csv,05_risk_and_positions/phase5r_c9b_price_aware_action_plan.csv;04_research/realtime_stock_picker_phase5r/phase5r_c9b_execution_report.md,no,no,no,no,no,no,no,no,market_at_open_default=no; limit_non_execution_risk=yes; fill_price_invented=no
2026-07-27T13:41:41-04:00,phase5r_c9b,create_phase5r_c9b_price_aware_action_plan.py,create_price_aware_action_plan,complete,,filled,05_risk_and_positions/current_account_state.local.json;05_risk_and_positions/phase5r_c9_exact_action_plan.csv;05_risk_and_positions/phase5r_c9_dynamic_position_weights.csv;03_source_data/phase5r/phase5r_b2_market_data_snapshot.csv;06_execution_records/manual_executions.local.csv,05_risk_and_positions/phase5r_c9b_price_aware_action_plan.csv;04_research/realtime_stock_picker_phase5r/phase5r_c9b_execution_report.md,no,no,no,no,no,no,no,no,market_at_open_default=no; limit_non_execution_risk=yes; fill_price_invented=no
2026-07-27T17:03:13-04:00,phase5r_c9b,create_phase5r_c9b_price_aware_action_plan.py,create_price_aware_action_plan,complete,,filled,05_risk_and_positions/current_account_state.local.json;05_risk_and_positions/phase5r_c9_exact_action_plan.csv;05_risk_and_positions/phase5r_c9_dynamic_position_weights.csv;03_source_data/phase5r/phase5r_b2_market_data_snapshot.csv;06_execution_records/manual_executions.local.csv,05_risk_and_positions/phase5r_c9b_price_aware_action_plan.csv;04_research/realtime_stock_picker_phase5r/phase5r_c9b_execution_report.md,no,no,no,no,no,no,no,no,market_at_open_default=no; limit_non_execution_risk=yes; fill_price_invented=no
2026-07-27T18:01:34-04:00,phase5r_c9b,create_phase5r_c9b_price_aware_action_plan.py,create_price_aware_action_plan,complete,,filled,05_risk_and_positions/current_account_state.local.json;05_risk_and_positions/phase5r_c9_exact_action_plan.csv;05_risk_and_positions/phase5r_c9_dynamic_position_weights.csv;03_source_data/phase5r/phase5r_b2_market_data_snapshot.csv;06_execution_records/manual_executions.local.csv,05_risk_and_positions/phase5r_c9b_price_aware_action_plan.csv;04_research/realtime_stock_picker_phase5r/phase5r_c9b_execution_report.md,no,no,no,no,no,no,no,no,market_at_open_default=no; limit_non_execution_risk=yes; fill_price_invented=no
2026-07-27T19:01:55-04:00,phase5r_c9b,create_phase5r_c9b_price_aware_action_plan.py,create_price_aware_action_plan,complete,,filled,05_risk_and_positions/current_account_state.local.json;05_risk_and_positions/phase5r_c9_exact_action_plan.csv;05_risk_and_positions/phase5r_c9_dynamic_position_weights.csv;03_source_data/phase5r/phase5r_b2_market_data_snapshot.csv;06_execution_records/manual_executions.local.csv,05_risk_and_positions/phase5r_c9b_price_aware_action_plan.csv;04_research/realtime_stock_picker_phase5r/phase5r_c9b_execution_report.md,no,no,no,no,no,no,no,no,market_at_open_default=no; limit_non_execution_risk=yes; fill_price_invented=no
2026-07-28T13:24:45-04:00,phase5r_c9b,create_phase5r_c9b_price_aware_action_plan.py,create_price_aware_action_plan,complete,,filled,05_risk_and_positions/current_account_state.local.json;05_risk_and_positions/phase5r_c9_exact_action_plan.csv;05_risk_and_positions/phase5r_c9_dynamic_position_weights.csv;03_source_data/phase5r/phase5r_b2_market_data_snapshot.csv;06_execution_records/manual_executions.local.csv,05_risk_and_positions/phase5r_c9b_price_aware_action_plan.csv;04_research/realtime_stock_picker_phase5r/phase5r_c9b_execution_report.md,no,no,no,no,no,no,no,no,market_at_open_default=no; limit_non_execution_risk=yes; fill_price_invented=no
2026-07-28T16:39:52-04:00,phase5r_c9b,create_phase5r_c9b_price_aware_action_plan.py,create_price_aware_action_plan,complete,,filled,05_risk_and_positions/current_account_state.local.json;05_risk_and_positions/phase5r_c9_exact_action_plan.csv;05_risk_and_positions/phase5r_c9_dynamic_position_weights.csv;03_source_data/phase5r/phase5r_b2_market_data_snapshot.csv;06_execution_records/manual_executions.local.csv,05_risk_and_positions/phase5r_c9b_price_aware_action_plan.csv;04_research/realtime_stock_picker_phase5r/phase5r_c9b_execution_report.md,no,no,no,no,no,no,no,no,market_at_open_default=no; limit_non_execution_risk=yes; fill_price_invented=no
2026-07-28T18:36:14-04:00,phase5r_c9b,create_phase5r_c9b_price_aware_action_plan.py,create_price_aware_action_plan,complete,,filled,05_risk_and_positions/current_account_state.local.json;05_risk_and_positions/phase5r_c9_exact_action_plan.csv;05_risk_and_positions/phase5r_c9_dynamic_position_weights.csv;03_source_data/phase5r/phase5r_b2_market_data_snapshot.csv;06_execution_records/manual_executions.local.csv,05_risk_and_positions/phase5r_c9b_price_aware_action_plan.csv;04_research/realtime_stock_picker_phase5r/phase5r_c9b_execution_report.md,no,no,no,no,no,no,no,no,market_at_open_default=no; limit_non_execution_risk=yes; fill_price_invented=no
2026-07-28T18:40:13-04:00,phase5r_c9b,create_phase5r_c9b_price_aware_action_plan.py,create_price_aware_action_plan,complete,,filled,05_risk_and_positions/current_account_state.local.json;05_risk_and_positions/phase5r_c9_exact_action_plan.csv;05_risk_and_positions/phase5r_c9_dynamic_position_weights.csv;03_source_data/phase5r/phase5r_b2_market_data_snapshot.csv;06_execution_records/manual_executions.local.csv,05_risk_and_positions/phase5r_c9b_price_aware_action_plan.csv;04_research/realtime_stock_picker_phase5r/phase5r_c9b_execution_report.md,no,no,no,no,no,no,no,no,market_at_open_default=no; limit_non_execution_risk=yes; fill_price_invented=no
2026-07-29T08:28:59-04:00,phase5r_c9b,create_phase5r_c9b_price_aware_action_plan.py,create_price_aware_action_plan,complete,,filled,05_risk_and_positions/current_account_state.local.json;05_risk_and_positions/phase5r_c9_exact_action_plan.csv;05_risk_and_positions/phase5r_c9_dynamic_position_weights.csv;03_source_data/phase5r/phase5r_b2_market_data_snapshot.csv;06_execution_records/manual_executions.local.csv,05_risk_and_positions/phase5r_c9b_price_aware_action_plan.csv;04_research/realtime_stock_picker_phase5r/phase5r_c9b_execution_report.md,no,no,no,no,no,no,no,no,market_at_open_default=no; limit_non_execution_risk=yes; fill_price_invented=no
2026-07-29T13:34:35-04:00,phase5r_c9b,create_phase5r_c9b_price_aware_action_plan.py,create_price_aware_action_plan,complete,,filled,05_risk_and_positions/current_account_state.local.json;05_risk_and_positions/phase5r_c9_exact_action_plan.csv;05_risk_and_positions/phase5r_c9_dynamic_position_weights.csv;03_source_data/phase5r/phase5r_b2_market_data_snapshot.csv;06_execution_records/manual_executions.local.csv,05_risk_and_positions/phase5r_c9b_price_aware_action_plan.csv;04_research/realtime_stock_picker_phase5r/phase5r_c9b_execution_report.md,no,no,no,no,no,no,no,no,market_at_open_default=no; limit_non_execution_risk=yes; fill_price_invented=no
2026-07-29T17:19:46-04:00,phase5r_c9b,create_phase5r_c9b_price_aware_action_plan.py,create_price_aware_action_plan,complete,,filled,05_risk_and_positions/current_account_state.local.json;05_risk_and_positions/phase5r_c9_exact_action_plan.csv;05_risk_and_positions/phase5r_c9_dynamic_position_weights.csv;03_source_data/phase5r/phase5r_b2_market_data_snapshot.csv;06_execution_records/manual_executions.local.csv,05_risk_and_positions/phase5r_c9b_price_aware_action_plan.csv;04_research/realtime_stock_picker_phase5r/phase5r_c9b_execution_report.md,no,no,no,no,no,no,no,no,market_at_open_default=no; limit_non_execution_risk=yes; fill_price_invented=no
2026-07-29T17:50:16-04:00,phase5r_c9b,create_phase5r_c9b_price_aware_action_plan.py,create_price_aware_action_plan,complete,,filled,05_risk_and_positions/current_account_state.local.json;05_risk_and_positions/phase5r_c9_exact_action_plan.csv;05_risk_and_positions/phase5r_c9_dynamic_position_weights.csv;03_source_data/phase5r/phase5r_b2_market_data_snapshot.csv;06_execution_records/manual_executions.local.csv,05_risk_and_positions/phase5r_c9b_price_aware_action_plan.csv;04_research/realtime_stock_picker_phase5r/phase5r_c9b_execution_report.md,no,no,no,no,no,no,no,no,market_at_open_default=no; limit_non_execution_risk=yes; fill_price_invented=no
2026-07-30T00:41:01-04:00,phase5r_c9b,create_phase5r_c9b_price_aware_action_plan.py,create_price_aware_action_plan,complete,,filled,05_risk_and_positions/current_account_state.local.json;05_risk_and_positions/phase5r_c9_exact_action_plan.csv;05_risk_and_positions/phase5r_c9_dynamic_position_weights.csv;03_source_data/phase5r/phase5r_b2_market_data_snapshot.csv;06_execution_records/manual_executions.local.csv,05_risk_and_positions/phase5r_c9b_price_aware_action_plan.csv;04_research/realtime_stock_picker_phase5r/phase5r_c9b_execution_report.md,no,no,no,no,no,no,no,no,market_at_open_default=no; limit_non_execution_risk=yes; fill_price_invented=no
2026-07-30T08:18:03-04:00,phase5r_c9b,create_phase5r_c9b_price_aware_action_plan.py,create_price_aware_action_plan,complete,,filled,05_risk_and_positions/current_account_state.local.json;05_risk_and_positions/phase5r_c9_exact_action_plan.csv;05_risk_and_positions/phase5r_c9_dynamic_position_weights.csv;03_source_data/phase5r/phase5r_b2_market_data_snapshot.csv;06_execution_records/manual_executions.local.csv,05_risk_and_positions/phase5r_c9b_price_aware_action_plan.csv;04_research/realtime_stock_picker_phase5r/phase5r_c9b_execution_report.md,no,no,no,no,no,no,no,no,market_at_open_default=no; limit_non_execution_risk=yes; fill_price_invented=no
2026-07-30T13:14:58-04:00,phase5r_c9b,create_phase5r_c9b_price_aware_action_plan.py,create_price_aware_action_plan,complete,,filled,05_risk_and_positions/current_account_state.local.json;05_risk_and_positions/phase5r_c9_exact_action_plan.csv;05_risk_and_positions/phase5r_c9_dynamic_position_weights.csv;03_source_data/phase5r/phase5r_b2_market_data_snapshot.csv;06_execution_records/manual_executions.local.csv,05_risk_and_positions/phase5r_c9b_price_aware_action_plan.csv;04_research/realtime_stock_picker_phase5r/phase5r_c9b_execution_report.md,no,no,no,no,no,no,no,no,market_at_open_default=no; limit_non_execution_risk=yes; fill_price_invented=no
2026-07-31T22:09:46-04:00,phase5r_c9b,create_phase5r_c9b_price_aware_action_plan.py,create_price_aware_action_plan,complete,,filled,05_risk_and_positions/current_account_state.local.json;05_risk_and_positions/phase5r_c9_exact_action_plan.csv;05_risk_and_positions/phase5r_c9_dynamic_position_weights.csv;03_source_data/phase5r/phase5r_b2_market_data_snapshot.csv;06_execution_records/manual_executions.local.csv,05_risk_and_positions/phase5r_c9b_price_aware_action_plan.csv;04_research/realtime_stock_picker_phase5r/phase5r_c9b_execution_report.md,no,no,no,no,no,no,no,no,market_at_open_default=no; limit_non_execution_risk=yes; fill_price_invented=no
2026-08-01T12:44:39-04:00,phase5r_c9b,create_phase5r_c9b_price_aware_action_plan.py,create_price_aware_action_plan,complete,,filled,05_risk_and_positions/current_account_state.local.json;05_risk_and_positions/phase5r_c9_exact_action_plan.csv;05_risk_and_positions/phase5r_c9_dynamic_position_weights.csv;03_source_data/phase5r/phase5r_b2_market_data_snapshot.csv;06_execution_records/manual_executions.local.csv,05_risk_and_positions/phase5r_c9b_price_aware_action_plan.csv;04_research/realtime_stock_picker_phase5r/phase5r_c9b_execution_report.md,no,no,no,no,no,no,no,no,market_at_open_default=no; limit_non_execution_risk=yes; fill_price_invented=no
2026-08-01T18:35:55-04:00,phase5r_c9b,create_phase5r_c9b_price_aware_action_plan.py,create_price_aware_action_plan,complete,,filled,05_risk_and_positions/current_account_state.local.json;05_risk_and_positions/phase5r_c9_exact_action_plan.csv;05_risk_and_positions/phase5r_c9_dynamic_position_weights.csv;03_source_data/phase5r/phase5r_b2_market_data_snapshot.csv;06_execution_records/manual_executions.local.csv,05_risk_and_positions/phase5r_c9b_price_aware_action_plan.csv;04_research/realtime_stock_picker_phase5r/phase5r_c9b_execution_report.md,no,no,no,no,no,no,no,no,market_at_open_default=no; limit_non_execution_risk=yes; fill_price_invented=no
2026-08-02T12:19:12-04:00,phase5r_c9b,create_phase5r_c9b_price_aware_action_plan.py,create_price_aware_action_plan,complete,,filled,05_risk_and_positions/current_account_state.local.json;05_risk_and_positions/phase5r_c9_exact_action_plan.csv;05_risk_and_positions/phase5r_c9_dynamic_position_weights.csv;03_source_data/phase5r/phase5r_b2_market_data_snapshot.csv;06_execution_records/manual_executions.local.csv,05_risk_and_positions/phase5r_c9b_price_aware_action_plan.csv;04_research/realtime_stock_picker_phase5r/phase5r_c9b_execution_report.md,no,no,no,no,no,no,no,no,market_at_open_default=no; limit_non_execution_risk=yes; fill_price_invented=no
2026-08-02T20:38:42-04:00,phase5r_c9b,create_phase5r_c9b_price_aware_action_plan.py,create_price_aware_action_plan,complete,,filled,05_risk_and_positions/current_account_state.local.json;05_risk_and_positions/phase5r_c9_exact_action_plan.csv;05_risk_and_positions/phase5r_c9_dynamic_position_weights.csv;03_source_data/phase5r/phase5r_b2_market_data_snapshot.csv;06_execution_records/manual_executions.local.csv,05_risk_and_positions/phase5r_c9b_price_aware_action_plan.csv;04_research/realtime_stock_picker_phase5r/phase5r_c9b_execution_report.md,no,no,no,no,no,no,no,no,market_at_open_default=no; limit_non_execution_risk=yes; fill_price_invented=no
2026-08-03T09:58:44-04:00,phase5r_c9b,create_phase5r_c9b_price_aware_action_plan.py,create_price_aware_action_plan,complete,,filled,05_risk_and_positions/current_account_state.local.json;05_risk_and_positions/phase5r_c9_exact_action_plan.csv;05_risk_and_positions/phase5r_c9_dynamic_position_weights.csv;03_source_data/phase5r/phase5r_b2_market_data_snapshot.csv;06_execution_records/manual_executions.local.csv,05_risk_and_positions/phase5r_c9b_price_aware_action_plan.csv;04_research/realtime_stock_picker_phase5r/phase5r_c9b_execution_report.md,no,no,no,no,no,no,no,no,market_at_open_default=no; limit_non_execution_risk=yes; fill_price_invented=no
2026-08-03T16:07:23-04:00,phase5r_c9b,create_phase5r_c9b_price_aware_action_plan.py,create_price_aware_action_plan,complete,,filled,05_risk_and_positions/current_account_state.local.json;05_risk_and_positions/phase5r_c9_exact_action_plan.csv;05_risk_and_positions/phase5r_c9_dynamic_position_weights.csv;03_source_data/phase5r/phase5r_b2_market_data_snapshot.csv;06_execution_records/manual_executions.local.csv,05_risk_and_positions/phase5r_c9b_price_aware_action_plan.csv;04_research/realtime_stock_picker_phase5r/phase5r_c9b_execution_report.md,no,no,no,no,no,no,no,no,market_at_open_default=no; limit_non_execution_risk=yes; fill_price_invented=no
2026-08-03T16:23:18-04:00,phase5r_c9b,create_phase5r_c9b_price_aware_action_plan.py,create_price_aware_action_plan,complete,,filled,05_risk_and_positions/current_account_state.local.json;05_risk_and_positions/phase5r_c9_exact_action_plan.csv;05_risk_and_positions/phase5r_c9_dynamic_position_weights.csv;03_source_data/phase5r/phase5r_b2_market_data_snapshot.csv;06_execution_records/manual_executions.local.csv,05_risk_and_positions/phase5r_c9b_price_aware_action_plan.csv;04_research/realtime_stock_picker_phase5r/phase5r_c9b_execution_report.md,no,no,no,no,no,no,no,no,market_at_open_default=no; limit_non_execution_risk=yes; fill_price_invented=no
2026-08-04T13:10:25-04:00,phase5r_c9b,create_phase5r_c9b_price_aware_action_plan.py,create_price_aware_action_plan,complete,,filled,05_risk_and_positions/current_account_state.local.json;05_risk_and_positions/phase5r_c9_exact_action_plan.csv;05_risk_and_positions/phase5r_c9_dynamic_position_weights.csv;03_source_data/phase5r/phase5r_b2_market_data_snapshot.csv;06_execution_records/manual_executions.local.csv,05_risk_and_positions/phase5r_c9b_price_aware_action_plan.csv;04_research/realtime_stock_picker_phase5r/phase5r_c9b_execution_report.md,no,no,no,no,no,no,no,no,market_at_open_default=no; limit_non_execution_risk=yes; fill_price_invented=no
2026-08-04T13:10:39-04:00,phase5r_c9b,create_phase5r_c9b_price_aware_action_plan.py,create_price_aware_action_plan,complete,,filled,05_risk_and_positions/current_account_state.local.json;05_risk_and_positions/phase5r_c9_exact_action_plan.csv;05_risk_and_positions/phase5r_c9_dynamic_position_weights.csv;03_source_data/phase5r/phase5r_b2_market_data_snapshot.csv;06_execution_records/manual_executions.local.csv,05_risk_and_positions/phase5r_c9b_price_aware_action_plan.csv;04_research/realtime_stock_picker_phase5r/phase5r_c9b_execution_report.md,no,no,no,no,no,no,no,no,market_at_open_default=no; limit_non_execution_risk=yes; fill_price_invented=no
2026-08-04T13:36:36-04:00,phase5r_c9b,create_phase5r_c9b_price_aware_action_plan.py,create_price_aware_action_plan,complete,,filled,05_risk_and_positions/current_account_state.local.json;05_risk_and_positions/phase5r_c9_exact_action_plan.csv;05_risk_and_positions/phase5r_c9_dynamic_position_weights.csv;03_source_data/phase5r/phase5r_b2_market_data_snapshot.csv;06_execution_records/manual_executions.local.csv,05_risk_and_positions/phase5r_c9b_price_aware_action_plan.csv;04_research/realtime_stock_picker_phase5r/phase5r_c9b_execution_report.md,no,no,no,no,no,no,no,no,market_at_open_default=no; limit_non_execution_risk=yes; fill_price_invented=no
2026-08-04T13:56:30-04:00,phase5r_c9b,create_phase5r_c9b_price_aware_action_plan.py,create_price_aware_action_plan,complete,,filled,05_risk_and_positions/current_account_state.local.json;05_risk_and_positions/phase5r_c9_exact_action_plan.csv;05_risk_and_positions/phase5r_c9_dynamic_position_weights.csv;03_source_data/phase5r/phase5r_b2_market_data_snapshot.csv;06_execution_records/manual_executions.local.csv,05_risk_and_positions/phase5r_c9b_price_aware_action_plan.csv;04_research/realtime_stock_picker_phase5r/phase5r_c9b_execution_report.md,no,no,no,no,no,no,no,no,market_at_open_default=no; limit_non_execution_risk=yes; fill_price_invented=no
2026-08-04T14:47:17-04:00,phase5r_c9b,create_phase5r_c9b_price_aware_action_plan.py,create_price_aware_action_plan,complete,,filled,05_risk_and_positions/current_account_state.local.json;05_risk_and_positions/phase5r_c9_exact_action_plan.csv;05_risk_and_positions/phase5r_c9_dynamic_position_weights.csv;03_source_data/phase5r/phase5r_b2_market_data_snapshot.csv;06_execution_records/manual_executions.local.csv,05_risk_and_positions/phase5r_c9b_price_aware_action_plan.csv;04_research/realtime_stock_picker_phase5r/phase5r_c9b_execution_report.md,no,no,no,no,no,no,no,no,market_at_open_default=no; limit_non_execution_risk=yes; fill_price_invented=no
2026-08-04T16:21:15-04:00,phase5r_c9b,create_phase5r_c9b_price_aware_action_plan.py,create_price_aware_action_plan,complete,,filled,05_risk_and_positions/current_account_state.local.json;05_risk_and_positions/phase5r_c9_exact_action_plan.csv;05_risk_and_positions/phase5r_c9_dynamic_position_weights.csv;03_source_data/phase5r/phase5r_b2_market_data_snapshot.csv;06_execution_records/manual_executions.local.csv,05_risk_and_positions/phase5r_c9b_price_aware_action_plan.csv;04_research/realtime_stock_picker_phase5r/phase5r_c9b_execution_report.md,no,no,no,no,no,no,no,no,market_at_open_default=no; limit_non_execution_risk=yes; fill_price_invented=no
2026-08-05T06:11:35+08:00,phase5r_c9b,create_phase5r_c9b_price_aware_action_plan.py,create_price_aware_action_plan,complete,,filled,05_risk_and_positions/current_account_state.local.json;05_risk_and_positions/phase5r_c9_exact_action_plan.csv;05_risk_and_positions/phase5r_c9_dynamic_position_weights.csv;03_source_data/phase5r/phase5r_b2_market_data_snapshot.csv;06_execution_records/manual_executions.local.csv,05_risk_and_positions/phase5r_c9b_price_aware_action_plan.csv;04_research/realtime_stock_picker_phase5r/phase5r_c9b_execution_report.md,no,no,no,no,no,no,no,no,market_at_open_default=no; limit_non_execution_risk=yes; fill_price_invented=no
2026-08-05T06:42:33+08:00,phase5r_c9b,create_phase5r_c9b_price_aware_action_plan.py,create_price_aware_action_plan,complete,,filled,05_risk_and_positions/current_account_state.local.json;05_risk_and_positions/phase5r_c9_exact_action_plan.csv;05_risk_and_positions/phase5r_c9_dynamic_position_weights.csv;03_source_data/phase5r/phase5r_b2_market_data_snapshot.csv;06_execution_records/manual_executions.local.csv,05_risk_and_positions/phase5r_c9b_price_aware_action_plan.csv;04_research/realtime_stock_picker_phase5r/phase5r_c9b_execution_report.md,no,no,no,no,no,no,no,no,market_at_open_default=no; limit_non_execution_risk=yes; fill_price_invented=no
2026-08-05T06:58:25+08:00,phase5r_c9b,create_phase5r_c9b_price_aware_action_plan.py,create_price_aware_action_plan,complete,,filled,05_risk_and_positions/current_account_state.local.json;05_risk_and_positions/phase5r_c9_exact_action_plan.csv;05_risk_and_positions/phase5r_c9_dynamic_position_weights.csv;03_source_data/phase5r/phase5r_b2_market_data_snapshot.csv;06_execution_records/manual_executions.local.csv,05_risk_and_positions/phase5r_c9b_price_aware_action_plan.csv;04_research/realtime_stock_picker_phase5r/phase5r_c9b_execution_report.md,no,no,no,no,no,no,no,no,market_at_open_default=no; limit_non_execution_risk=yes; fill_price_invented=no
2026-08-05T14:19:22+08:00,phase5r_c9b,create_phase5r_c9b_price_aware_action_plan.py,create_price_aware_action_plan,complete,,filled,05_risk_and_positions/current_account_state.local.json;05_risk_and_positions/phase5r_c9_exact_action_plan.csv;05_risk_and_positions/phase5r_c9_dynamic_position_weights.csv;03_source_data/phase5r/phase5r_b2_market_data_snapshot.csv;06_execution_records/manual_executions.local.csv,05_risk_and_positions/phase5r_c9b_price_aware_action_plan.csv;04_research/realtime_stock_picker_phase5r/phase5r_c9b_execution_report.md,no,no,no,no,no,no,no,no,market_at_open_default=no; limit_non_execution_risk=yes; fill_price_invented=no
2026-08-05T20:29:58+08:00,phase5r_c9b,create_phase5r_c9b_price_aware_action_plan.py,create_price_aware_action_plan,complete,,filled,05_risk_and_positions/current_account_state.local.json;05_risk_and_positions/phase5r_c9_exact_action_plan.csv;05_risk_and_positions/phase5r_c9_dynamic_position_weights.csv;03_source_data/phase5r/phase5r_b2_market_data_snapshot.csv;06_execution_records/manual_executions.local.csv,05_risk_and_positions/phase5r_c9b_price_aware_action_plan.csv;04_research/realtime_stock_picker_phase5r/phase5r_c9b_execution_report.md,no,no,no,no,no,no,no,no,market_at_open_default=no; limit_non_execution_risk=yes; fill_price_invented=no
2026-08-06T00:41:45+08:00,phase5r_c9b,create_phase5r_c9b_price_aware_action_plan.py,create_price_aware_action_plan,complete,,filled,05_risk_and_positions/current_account_state.local.json;05_risk_and_positions/phase5r_c9_exact_action_plan.csv;05_risk_and_positions/phase5r_c9_dynamic_position_weights.csv;03_source_data/phase5r/phase5r_b2_market_data_snapshot.csv;06_execution_records/manual_executions.local.csv,05_risk_and_positions/phase5r_c9b_price_aware_action_plan.csv;04_research/realtime_stock_picker_phase5r/phase5r_c9b_execution_report.md,no,no,no,no,no,no,no,no,market_at_open_default=no; limit_non_execution_risk=yes; fill_price_invented=no
2026-08-06T04:27:40+08:00,phase5r_c9b,create_phase5r_c9b_price_aware_action_plan.py,create_price_aware_action_plan,complete,,filled,05_risk_and_positions/current_account_state.local.json;05_risk_and_positions/phase5r_c9_exact_action_plan.csv;05_risk_and_positions/phase5r_c9_dynamic_position_weights.csv;03_source_data/phase5r/phase5r_b2_market_data_snapshot.csv;06_execution_records/manual_executions.local.csv,05_risk_and_positions/phase5r_c9b_price_aware_action_plan.csv;04_research/realtime_stock_picker_phase5r/phase5r_c9b_execution_report.md,no,no,no,no,no,no,no,no,market_at_open_default=no; limit_non_execution_risk=yes; fill_price_invented=no
2026-08-06T05:58:45+08:00,phase5r_c9b,create_phase5r_c9b_price_aware_action_plan.py,create_price_aware_action_plan,complete,,filled,05_risk_and_positions/current_account_state.local.json;05_risk_and_positions/phase5r_c9_exact_action_plan.csv;05_risk_and_positions/phase5r_c9_dynamic_position_weights.csv;03_source_data/phase5r/phase5r_b2_market_data_snapshot.csv;06_execution_records/manual_executions.local.csv,05_risk_and_positions/phase5r_c9b_price_aware_action_plan.csv;04_research/realtime_stock_picker_phase5r/phase5r_c9b_execution_report.md,no,no,no,no,no,no,no,no,market_at_open_default=no; limit_non_execution_risk=yes; fill_price_invented=no
2026-08-06T06:31:29+08:00,phase5r_c9b,create_phase5r_c9b_price_aware_action_plan.py,create_price_aware_action_plan,complete,,filled,05_risk_and_positions/current_account_state.local.json;05_risk_and_positions/phase5r_c9_exact_action_plan.csv;05_risk_and_positions/phase5r_c9_dynamic_position_weights.csv;03_source_data/phase5r/phase5r_b2_market_data_snapshot.csv;06_execution_records/manual_executions.local.csv,05_risk_and_positions/phase5r_c9b_price_aware_action_plan.csv;04_research/realtime_stock_picker_phase5r/phase5r_c9b_execution_report.md,no,no,no,no,no,no,no,no,market_at_open_default=no; limit_non_execution_risk=yes; fill_price_invented=no
2026-08-06T20:40:15+08:00,phase5r_c9b,create_phase5r_c9b_price_aware_action_plan.py,create_price_aware_action_plan,complete,,filled,05_risk_and_positions/current_account_state.local.json;05_risk_and_positions/phase5r_c9_exact_action_plan.csv;05_risk_and_positions/phase5r_c9_dynamic_position_weights.csv;03_source_data/phase5r/phase5r_b2_market_data_snapshot.csv;06_execution_records/manual_executions.local.csv,05_risk_and_positions/phase5r_c9b_price_aware_action_plan.csv;04_research/realtime_stock_picker_phase5r/phase5r_c9b_execution_report.md,no,no,no,no,no,no,no,no,market_at_open_default=no; limit_non_execution_risk=yes; fill_price_invented=no
2026-08-07T07:44:49+08:00,phase5r_c9b,create_phase5r_c9b_price_aware_action_plan.py,create_price_aware_action_plan,complete,,filled,05_risk_and_positions/current_account_state.local.json;05_risk_and_positions/phase5r_c9_exact_action_plan.csv;05_risk_and_positions/phase5r_c9_dynamic_position_weights.csv;03_source_data/phase5r/phase5r_b2_market_data_snapshot.csv;06_execution_records/manual_executions.local.csv,05_risk_and_positions/phase5r_c9b_price_aware_action_plan.csv;04_research/realtime_stock_picker_phase5r/phase5r_c9b_execution_report.md,no,no,no,no,no,no,no,no,market_at_open_default=no; limit_non_execution_risk=yes; fill_price_invented=no
2026-08-07T07:59:10+08:00,phase5r_c9b,create_phase5r_c9b_price_aware_action_plan.py,create_price_aware_action_plan,complete,,filled,05_risk_and_positions/current_account_state.local.json;05_risk_and_positions/phase5r_c9_exact_action_plan.csv;05_risk_and_positions/phase5r_c9_dynamic_position_weights.csv;03_source_data/phase5r/phase5r_b2_market_data_snapshot.csv;06_execution_records/manual_executions.local.csv,05_risk_and_positions/phase5r_c9b_price_aware_action_plan.csv;04_research/realtime_stock_picker_phase5r/phase5r_c9b_execution_report.md,no,no,no,no,no,no,no,no,market_at_open_default=no; limit_non_execution_risk=yes; fill_price_invented=no
