source_path,reason,touch_categories,phase0c_decision,sensitivity,legacy_quarantine_status,blocks_archive_cleanup,notes
01_universe/phase2b_candidate_source_log.md,listed_in_phase0c_legacy_quarantine_plan; phase0c_decision=ARCHIVE_EVIDENCE_AFTER_APPROVAL; touch_categories=risk_rules; sensitivity=MEDIUM,risk_rules,ARCHIVE_EVIDENCE_AFTER_APPROVAL,MEDIUM,yes,yes,Preserved in place during Phase 0E; no copy/move/delete performed.
01_universe/phase2c_selected_candidates.csv,listed_in_phase0c_legacy_quarantine_plan; phase0c_decision=ARCHIVE_EVIDENCE_AFTER_APPROVAL,,ARCHIVE_EVIDENCE_AFTER_APPROVAL,LOW,yes,no,Preserved in place during Phase 0E; no copy/move/delete performed.
01_universe/quarantined_placeholder_rows.csv,phase0c_decision=EXCLUDE_FROM_PHASE5R,,EXCLUDE_FROM_PHASE5R,LOW,no,no,Preserved in place during Phase 0E; no copy/move/delete performed.
01_universe/real_candidate_universe.csv,Blocked: allowlisted source contains IOT/RBRK legacy ticker rows; keep out of canonical Phase 5R inputs for now.,,ALLOW_FOR_PHASE5R,LOW,no,yes,Skipped Phase 0E copy candidate; original preserved in place.
01_universe/rejected.csv,phase0c_decision=EXCLUDE_FROM_PHASE5R,,EXCLUDE_FROM_PHASE5R,LOW,no,no,Preserved in place during Phase 0E; no copy/move/delete performed.
01_universe/test_fixtures.csv,phase0c_decision=EXCLUDE_FROM_PHASE5R,,EXCLUDE_FROM_PHASE5R,LOW,no,no,Preserved in place during Phase 0E; no copy/move/delete performed.
02_filings/filing_notes/ACMR_filing_note.md,phase0c_decision=ALLOW_AFTER_REVIEW,,ALLOW_AFTER_REVIEW,LOW,no,yes,Preserved in place during Phase 0E; no copy/move/delete performed.
02_filings/filing_notes/ALAB_filing_note.md,phase0c_decision=ALLOW_AFTER_REVIEW,,ALLOW_AFTER_REVIEW,LOW,no,yes,Preserved in place during Phase 0E; no copy/move/delete performed.
02_filings/filing_notes/AMD_filing_note.md,phase0c_decision=ALLOW_AFTER_REVIEW,,ALLOW_AFTER_REVIEW,LOW,no,yes,Preserved in place during Phase 0E; no copy/move/delete performed.
02_filings/filing_notes/ARRY_filing_note.md,phase0c_decision=ALLOW_AFTER_REVIEW,,ALLOW_AFTER_REVIEW,LOW,no,yes,Preserved in place during Phase 0E; no copy/move/delete performed.
02_filings/filing_notes/CRSP_filing_note.md,phase0c_decision=ALLOW_AFTER_REVIEW,,ALLOW_AFTER_REVIEW,LOW,no,yes,Preserved in place during Phase 0E; no copy/move/delete performed.
02_filings/filing_notes/CRWV_filing_note.md,phase0c_decision=ALLOW_AFTER_REVIEW,,ALLOW_AFTER_REVIEW,LOW,no,yes,Preserved in place during Phase 0E; no copy/move/delete performed.
02_filings/filing_notes/ENPH_filing_note.md,phase0c_decision=ALLOW_AFTER_REVIEW,,ALLOW_AFTER_REVIEW,LOW,no,yes,Preserved in place during Phase 0E; no copy/move/delete performed.
02_filings/filing_notes/ENVX_filing_note.md,phase0c_decision=ALLOW_AFTER_REVIEW,,ALLOW_AFTER_REVIEW,LOW,no,yes,Preserved in place during Phase 0E; no copy/move/delete performed.
02_filings/filing_notes/FLNC_filing_note.md,phase0c_decision=ALLOW_AFTER_REVIEW,,ALLOW_AFTER_REVIEW,LOW,no,yes,Preserved in place during Phase 0E; no copy/move/delete performed.
02_filings/filing_notes/IOT_filing_note.md,phase0c_decision=ALLOW_AFTER_REVIEW,,ALLOW_AFTER_REVIEW,LOW,no,yes,Preserved in place during Phase 0E; no copy/move/delete performed.
02_filings/filing_notes/NVTS_filing_note.md,phase0c_decision=ALLOW_AFTER_REVIEW,,ALLOW_AFTER_REVIEW,LOW,no,yes,Preserved in place during Phase 0E; no copy/move/delete performed.
02_filings/filing_notes/RBRK_filing_note.md,phase0c_decision=ALLOW_AFTER_REVIEW,,ALLOW_AFTER_REVIEW,LOW,no,yes,Preserved in place during Phase 0E; no copy/move/delete performed.
02_filings/filing_notes/RXRX_filing_note.md,phase0c_decision=ALLOW_AFTER_REVIEW,,ALLOW_AFTER_REVIEW,LOW,no,yes,Preserved in place during Phase 0E; no copy/move/delete performed.
02_filings/filing_notes/TEM_filing_note.md,phase0c_decision=ALLOW_AFTER_REVIEW,,ALLOW_AFTER_REVIEW,LOW,no,yes,Preserved in place during Phase 0E; no copy/move/delete performed.
02_filings/filing_notes/TSLA_filing_note.md,phase0c_decision=ALLOW_AFTER_REVIEW,,ALLOW_AFTER_REVIEW,LOW,no,yes,Preserved in place during Phase 0E; no copy/move/delete performed.
02_filings/sec_raw/ACMR_submissions.json,phase0c_decision=ALLOW_AFTER_REVIEW,,ALLOW_AFTER_REVIEW,LOW,no,yes,Preserved in place during Phase 0E; no copy/move/delete performed.
02_filings/sec_raw/ALAB_submissions.json,phase0c_decision=ALLOW_AFTER_REVIEW,,ALLOW_AFTER_REVIEW,LOW,no,yes,Preserved in place during Phase 0E; no copy/move/delete performed.
02_filings/sec_raw/AMD_submissions.json,phase0c_decision=ALLOW_AFTER_REVIEW,,ALLOW_AFTER_REVIEW,LOW,no,yes,Preserved in place during Phase 0E; no copy/move/delete performed.
02_filings/sec_raw/ARRY_submissions.json,phase0c_decision=ALLOW_AFTER_REVIEW,,ALLOW_AFTER_REVIEW,LOW,no,yes,Preserved in place during Phase 0E; no copy/move/delete performed.
02_filings/sec_raw/CRSP_submissions.json,phase0c_decision=ALLOW_AFTER_REVIEW,,ALLOW_AFTER_REVIEW,LOW,no,yes,Preserved in place during Phase 0E; no copy/move/delete performed.
02_filings/sec_raw/CRWV_submissions.json,phase0c_decision=ALLOW_AFTER_REVIEW,,ALLOW_AFTER_REVIEW,LOW,no,yes,Preserved in place during Phase 0E; no copy/move/delete performed.
02_filings/sec_raw/ENPH_submissions.json,listed_in_phase0c_legacy_quarantine_plan; phase0c_decision=ARCHIVE_EVIDENCE_AFTER_APPROVAL,,ARCHIVE_EVIDENCE_AFTER_APPROVAL,LOW,yes,no,Preserved in place during Phase 0E; no copy/move/delete performed.
02_filings/sec_raw/ENVX_submissions.json,phase0c_decision=ALLOW_AFTER_REVIEW,,ALLOW_AFTER_REVIEW,LOW,no,yes,Preserved in place during Phase 0E; no copy/move/delete performed.
02_filings/sec_raw/FLNC_submissions.json,phase0c_decision=ALLOW_AFTER_REVIEW,,ALLOW_AFTER_REVIEW,LOW,no,yes,Preserved in place during Phase 0E; no copy/move/delete performed.
02_filings/sec_raw/IOT_submissions.json,phase0c_decision=ALLOW_AFTER_REVIEW,,ALLOW_AFTER_REVIEW,LOW,no,yes,Preserved in place during Phase 0E; no copy/move/delete performed.
02_filings/sec_raw/NVTS_submissions.json,phase0c_decision=ALLOW_AFTER_REVIEW,,ALLOW_AFTER_REVIEW,LOW,no,yes,Preserved in place during Phase 0E; no copy/move/delete performed.
02_filings/sec_raw/RBRK_submissions.json,phase0c_decision=ALLOW_AFTER_REVIEW,,ALLOW_AFTER_REVIEW,LOW,no,yes,Preserved in place during Phase 0E; no copy/move/delete performed.
02_filings/sec_raw/RXRX_submissions.json,phase0c_decision=ALLOW_AFTER_REVIEW,,ALLOW_AFTER_REVIEW,LOW,no,yes,Preserved in place during Phase 0E; no copy/move/delete performed.
02_filings/sec_raw/TEM_submissions.json,phase0c_decision=ALLOW_AFTER_REVIEW,,ALLOW_AFTER_REVIEW,LOW,no,yes,Preserved in place during Phase 0E; no copy/move/delete performed.
02_filings/sec_raw/TSLA_submissions.json,phase0c_decision=ALLOW_AFTER_REVIEW,,ALLOW_AFTER_REVIEW,LOW,no,yes,Preserved in place during Phase 0E; no copy/move/delete performed.
03_research/agent_restructure_phase3c/current_structure_audit.md,listed_in_phase0c_legacy_quarantine_plan; phase0c_decision=LEGACY_QUARANTINE; touch_categories=real_positions;trade_logs;email_drafts;weekly_reviews;risk_rules; sensitivity=HIGH,real_positions;trade_logs;email_drafts;weekly_reviews;risk_rules,LEGACY_QUARANTINE,HIGH,yes,yes,Preserved in place during Phase 0E; no copy/move/delete performed.
03_research/agent_restructure_phase3c/proposed_real_monitoring_architecture.md,listed_in_phase0c_legacy_quarantine_plan; phase0c_decision=EXCLUDE_FROM_PHASE5R; touch_categories=real_positions;email_drafts;sec_alerts;weekly_reviews;risk_rules; sensitivity=HIGH,real_positions;email_drafts;sec_alerts;weekly_reviews;risk_rules,EXCLUDE_FROM_PHASE5R,HIGH,yes,yes,Preserved in place during Phase 0E; no copy/move/delete performed.
03_research/agent_restructure_phase3c/security_boundary.md,listed_in_phase0c_legacy_quarantine_plan; phase0c_decision=EXCLUDE_FROM_PHASE5R; touch_categories=email_drafts;sec_alerts;risk_rules; sensitivity=HIGH,email_drafts;sec_alerts;risk_rules,EXCLUDE_FROM_PHASE5R,HIGH,yes,yes,Preserved in place during Phase 0E; no copy/move/delete performed.
03_research/agent_restructure_phase3c/weekly_email_agent_spec.md,listed_in_phase0c_legacy_quarantine_plan; phase0c_decision=EXCLUDE_FROM_PHASE5R; touch_categories=email_drafts;sec_alerts; sensitivity=HIGH; path_or_name_matches_sensitive_surface,email_drafts;sec_alerts,EXCLUDE_FROM_PHASE5R,HIGH,yes,yes,Preserved in place during Phase 0E; no copy/move/delete performed.
03_research/company_memo_template.md,phase0c_decision=ALLOW_AFTER_REVIEW; touch_categories=risk_rules; sensitivity=MEDIUM,risk_rules,ALLOW_AFTER_REVIEW,MEDIUM,no,yes,Preserved in place during Phase 0E; no copy/move/delete performed.
03_research/company_memos_phase2f/IOT_company_memo.md,listed_in_phase0c_legacy_quarantine_plan; phase0c_decision=ARCHIVE_EVIDENCE_AFTER_APPROVAL,,ARCHIVE_EVIDENCE_AFTER_APPROVAL,LOW,yes,no,Preserved in place during Phase 0E; no copy/move/delete performed.
03_research/company_memos_phase2f/RBRK_company_memo.md,listed_in_phase0c_legacy_quarantine_plan; phase0c_decision=ARCHIVE_EVIDENCE_AFTER_APPROVAL,,ARCHIVE_EVIDENCE_AFTER_APPROVAL,LOW,yes,no,Preserved in place during Phase 0E; no copy/move/delete performed.
03_research/email_automation_phase5a/email_send_gate_policy.md,listed_in_phase0c_legacy_quarantine_plan; phase0c_decision=EXCLUDE_FROM_PHASE5R; touch_categories=email_drafts;weekly_reviews; sensitivity=HIGH; path_or_name_matches_sensitive_surface,email_drafts;weekly_reviews,EXCLUDE_FROM_PHASE5R,HIGH,yes,yes,Preserved in place during Phase 0E; no copy/move/delete performed.
03_research/email_automation_phase5a/failure_handling_plan.md,listed_in_phase0c_legacy_quarantine_plan; phase0c_decision=EXCLUDE_FROM_PHASE5R; touch_categories=email_drafts; sensitivity=HIGH; path_or_name_matches_sensitive_surface,email_drafts,EXCLUDE_FROM_PHASE5R,HIGH,yes,yes,Preserved in place during Phase 0E; no copy/move/delete performed.
03_research/email_automation_phase5a/gmail_dry_run_plan.md,listed_in_phase0c_legacy_quarantine_plan; phase0c_decision=EXCLUDE_FROM_PHASE5R; touch_categories=email_drafts;sec_alerts;weekly_reviews; sensitivity=HIGH; path_or_name_matches_sensitive_surface,email_drafts;sec_alerts;weekly_reviews,EXCLUDE_FROM_PHASE5R,HIGH,yes,yes,Preserved in place during Phase 0E; no copy/move/delete performed.
03_research/email_automation_phase5a/oauth_security_plan.md,listed_in_phase0c_legacy_quarantine_plan; phase0c_decision=EXCLUDE_FROM_PHASE5R; touch_categories=email_drafts; sensitivity=HIGH; path_or_name_matches_sensitive_surface,email_drafts,EXCLUDE_FROM_PHASE5R,HIGH,yes,yes,Preserved in place during Phase 0E; no copy/move/delete performed.
03_research/email_draft_agent_phase4b/weekly_email_draft.html,listed_in_phase0c_legacy_quarantine_plan; phase0c_decision=EXCLUDE_FROM_PHASE5R; touch_categories=email_drafts;sec_alerts;weekly_reviews;risk_rules; sensitivity=HIGH; path_or_name_matches_sensitive_surface,email_drafts;sec_alerts;weekly_reviews;risk_rules,EXCLUDE_FROM_PHASE5R,HIGH,yes,yes,Preserved in place during Phase 0E; no copy/move/delete performed.
03_research/email_draft_agent_phase4b/weekly_email_draft.md,listed_in_phase0c_legacy_quarantine_plan; phase0c_decision=EXCLUDE_FROM_PHASE5R; touch_categories=email_drafts;sec_alerts;weekly_reviews;risk_rules; sensitivity=HIGH; path_or_name_matches_sensitive_surface,email_drafts;sec_alerts;weekly_reviews;risk_rules,EXCLUDE_FROM_PHASE5R,HIGH,yes,yes,Preserved in place during Phase 0E; no copy/move/delete performed.
03_research/email_draft_agent_phase4b/weekly_email_subject.txt,listed_in_phase0c_legacy_quarantine_plan; phase0c_decision=EXCLUDE_FROM_PHASE5R; touch_categories=email_drafts;risk_rules; sensitivity=HIGH; path_or_name_matches_sensitive_surface,email_drafts;risk_rules,EXCLUDE_FROM_PHASE5R,HIGH,yes,yes,Preserved in place during Phase 0E; no copy/move/delete performed.
03_research/email_preflight_phase5b/preflight_rules.md,listed_in_phase0c_legacy_quarantine_plan; phase0c_decision=EXCLUDE_FROM_PHASE5R; touch_categories=email_drafts;weekly_reviews; sensitivity=HIGH; path_or_name_matches_sensitive_surface,email_drafts;weekly_reviews,EXCLUDE_FROM_PHASE5R,HIGH,yes,yes,Preserved in place during Phase 0E; no copy/move/delete performed.
03_research/email_preflight_phase5b/recipient_allowlist_policy.md,listed_in_phase0c_legacy_quarantine_plan; phase0c_decision=EXCLUDE_FROM_PHASE5R; touch_categories=email_drafts; sensitivity=HIGH; path_or_name_matches_sensitive_surface,email_drafts,EXCLUDE_FROM_PHASE5R,HIGH,yes,yes,Preserved in place during Phase 0E; no copy/move/delete performed.
03_research/filing_excerpts_phase2f/IOT_filing_excerpts.md,listed_in_phase0c_legacy_quarantine_plan; phase0c_decision=ARCHIVE_EVIDENCE_AFTER_APPROVAL,,ARCHIVE_EVIDENCE_AFTER_APPROVAL,LOW,yes,no,Preserved in place during Phase 0E; no copy/move/delete performed.
03_research/filing_excerpts_phase2f/RBRK_filing_excerpts.md,listed_in_phase0c_legacy_quarantine_plan; phase0c_decision=ARCHIVE_EVIDENCE_AFTER_APPROVAL,,ARCHIVE_EVIDENCE_AFTER_APPROVAL,LOW,yes,no,Preserved in place during Phase 0E; no copy/move/delete performed.
03_research/gpt_packets/ACMR_gpt_packet.md,listed_in_phase0c_legacy_quarantine_plan; phase0c_decision=ARCHIVE_EVIDENCE_AFTER_APPROVAL,,ARCHIVE_EVIDENCE_AFTER_APPROVAL,LOW,yes,no,Preserved in place during Phase 0E; no copy/move/delete performed.
03_research/gpt_packets/ALAB_gpt_packet.md,listed_in_phase0c_legacy_quarantine_plan; phase0c_decision=ARCHIVE_EVIDENCE_AFTER_APPROVAL,,ARCHIVE_EVIDENCE_AFTER_APPROVAL,LOW,yes,no,Preserved in place during Phase 0E; no copy/move/delete performed.
03_research/gpt_packets/AMD_gpt_packet.md,phase0c_decision=EXCLUDE_FROM_PHASE5R,,EXCLUDE_FROM_PHASE5R,LOW,no,no,Preserved in place during Phase 0E; no copy/move/delete performed.
03_research/gpt_packets/ARRY_gpt_packet.md,listed_in_phase0c_legacy_quarantine_plan; phase0c_decision=ARCHIVE_EVIDENCE_AFTER_APPROVAL,,ARCHIVE_EVIDENCE_AFTER_APPROVAL,LOW,yes,no,Preserved in place during Phase 0E; no copy/move/delete performed.
03_research/gpt_packets/CRSP_gpt_packet.md,listed_in_phase0c_legacy_quarantine_plan; phase0c_decision=ARCHIVE_EVIDENCE_AFTER_APPROVAL,,ARCHIVE_EVIDENCE_AFTER_APPROVAL,LOW,yes,no,Preserved in place during Phase 0E; no copy/move/delete performed.
03_research/gpt_packets/CRWV_gpt_packet.md,listed_in_phase0c_legacy_quarantine_plan; phase0c_decision=ARCHIVE_EVIDENCE_AFTER_APPROVAL,,ARCHIVE_EVIDENCE_AFTER_APPROVAL,LOW,yes,no,Preserved in place during Phase 0E; no copy/move/delete performed.
03_research/gpt_packets/ENPH_gpt_packet.md,phase0c_decision=EXCLUDE_FROM_PHASE5R,,EXCLUDE_FROM_PHASE5R,LOW,no,no,Preserved in place during Phase 0E; no copy/move/delete performed.
03_research/gpt_packets/ENVX_gpt_packet.md,listed_in_phase0c_legacy_quarantine_plan; phase0c_decision=ARCHIVE_EVIDENCE_AFTER_APPROVAL,,ARCHIVE_EVIDENCE_AFTER_APPROVAL,LOW,yes,no,Preserved in place during Phase 0E; no copy/move/delete performed.
03_research/gpt_packets/FLNC_gpt_packet.md,listed_in_phase0c_legacy_quarantine_plan; phase0c_decision=ARCHIVE_EVIDENCE_AFTER_APPROVAL,,ARCHIVE_EVIDENCE_AFTER_APPROVAL,LOW,yes,no,Preserved in place during Phase 0E; no copy/move/delete performed.
03_research/gpt_packets/IOT_gpt_packet.md,listed_in_phase0c_legacy_quarantine_plan; phase0c_decision=ARCHIVE_EVIDENCE_AFTER_APPROVAL,,ARCHIVE_EVIDENCE_AFTER_APPROVAL,LOW,yes,no,Preserved in place during Phase 0E; no copy/move/delete performed.
03_research/gpt_packets/NVTS_gpt_packet.md,listed_in_phase0c_legacy_quarantine_plan; phase0c_decision=ARCHIVE_EVIDENCE_AFTER_APPROVAL,,ARCHIVE_EVIDENCE_AFTER_APPROVAL,LOW,yes,no,Preserved in place during Phase 0E; no copy/move/delete performed.
03_research/gpt_packets/RBRK_gpt_packet.md,listed_in_phase0c_legacy_quarantine_plan; phase0c_decision=ARCHIVE_EVIDENCE_AFTER_APPROVAL,,ARCHIVE_EVIDENCE_AFTER_APPROVAL,LOW,yes,no,Preserved in place during Phase 0E; no copy/move/delete performed.
03_research/gpt_packets/RXRX_gpt_packet.md,listed_in_phase0c_legacy_quarantine_plan; phase0c_decision=ARCHIVE_EVIDENCE_AFTER_APPROVAL,,ARCHIVE_EVIDENCE_AFTER_APPROVAL,LOW,yes,no,Preserved in place during Phase 0E; no copy/move/delete performed.
03_research/gpt_packets/TEM_gpt_packet.md,listed_in_phase0c_legacy_quarantine_plan; phase0c_decision=ARCHIVE_EVIDENCE_AFTER_APPROVAL,,ARCHIVE_EVIDENCE_AFTER_APPROVAL,LOW,yes,no,Preserved in place during Phase 0E; no copy/move/delete performed.
03_research/gpt_packets/TSLA_gpt_packet.md,phase0c_decision=EXCLUDE_FROM_PHASE5R,,EXCLUDE_FROM_PHASE5R,LOW,no,no,Preserved in place during Phase 0E; no copy/move/delete performed.
03_research/gpt_review_phase2g/IOT_gpt_review.md,listed_in_phase0c_legacy_quarantine_plan; phase0c_decision=ARCHIVE_EVIDENCE_AFTER_APPROVAL,,ARCHIVE_EVIDENCE_AFTER_APPROVAL,LOW,yes,no,Preserved in place during Phase 0E; no copy/move/delete performed.
03_research/gpt_review_phase2g/RBRK_gpt_review.md,listed_in_phase0c_legacy_quarantine_plan; phase0c_decision=ARCHIVE_EVIDENCE_AFTER_APPROVAL,,ARCHIVE_EVIDENCE_AFTER_APPROVAL,LOW,yes,no,Preserved in place during Phase 0E; no copy/move/delete performed.
03_research/human_notes_synthesis_phase2i/IOT_synthesis.md,listed_in_phase0c_legacy_quarantine_plan; phase0c_decision=ARCHIVE_EVIDENCE_AFTER_APPROVAL,,ARCHIVE_EVIDENCE_AFTER_APPROVAL,LOW,yes,no,Preserved in place during Phase 0E; no copy/move/delete performed.
03_research/human_notes_synthesis_phase2i/RBRK_synthesis.md,listed_in_phase0c_legacy_quarantine_plan; phase0c_decision=ARCHIVE_EVIDENCE_AFTER_APPROVAL,,ARCHIVE_EVIDENCE_AFTER_APPROVAL,LOW,yes,no,Preserved in place during Phase 0E; no copy/move/delete performed.
03_research/manual_filing_review_phase2h/IOT_manual_filing_review.md,listed_in_phase0c_legacy_quarantine_plan; phase0c_decision=ARCHIVE_EVIDENCE_AFTER_APPROVAL,,ARCHIVE_EVIDENCE_AFTER_APPROVAL,LOW,yes,no,Preserved in place during Phase 0E; no copy/move/delete performed.
03_research/manual_filing_review_phase2h/RBRK_manual_filing_review.md,listed_in_phase0c_legacy_quarantine_plan; phase0c_decision=ARCHIVE_EVIDENCE_AFTER_APPROVAL,,ARCHIVE_EVIDENCE_AFTER_APPROVAL,LOW,yes,no,Preserved in place during Phase 0E; no copy/move/delete performed.
03_research/manual_filing_review_phase2h/phase2h_review_tracker.csv,listed_in_phase0c_legacy_quarantine_plan; phase0c_decision=ARCHIVE_EVIDENCE_AFTER_APPROVAL,,ARCHIVE_EVIDENCE_AFTER_APPROVAL,LOW,yes,no,Preserved in place during Phase 0E; no copy/move/delete performed.
03_research/paper_execution_decision_phase2q/IOT_phase2q_decision_gate.md,listed_in_phase0c_legacy_quarantine_plan; phase0c_decision=ARCHIVE_EVIDENCE_AFTER_APPROVAL; touch_categories=risk_rules; sensitivity=MEDIUM,risk_rules,ARCHIVE_EVIDENCE_AFTER_APPROVAL,MEDIUM,yes,yes,Preserved in place during Phase 0E; no copy/move/delete performed.
03_research/paper_execution_decision_phase2q/RBRK_phase2q_decision_gate.md,listed_in_phase0c_legacy_quarantine_plan; phase0c_decision=ARCHIVE_EVIDENCE_AFTER_APPROVAL; touch_categories=risk_rules; sensitivity=MEDIUM,risk_rules,ARCHIVE_EVIDENCE_AFTER_APPROVAL,MEDIUM,yes,yes,Preserved in place during Phase 0E; no copy/move/delete performed.
03_research/paper_execution_log_phase2p/IOT_paper_execution_log_setup.md,listed_in_phase0c_legacy_quarantine_plan; phase0c_decision=LEGACY_QUARANTINE; touch_categories=trade_logs;risk_rules; sensitivity=HIGH,trade_logs;risk_rules,LEGACY_QUARANTINE,HIGH,yes,yes,Preserved in place during Phase 0E; no copy/move/delete performed.
03_research/paper_execution_log_phase2p/RBRK_paper_execution_log_setup.md,listed_in_phase0c_legacy_quarantine_plan; phase0c_decision=LEGACY_QUARANTINE; touch_categories=trade_logs;risk_rules; sensitivity=HIGH,trade_logs;risk_rules,LEGACY_QUARANTINE,HIGH,yes,yes,Preserved in place during Phase 0E; no copy/move/delete performed.
03_research/paper_execution_phase2r/IOT_paper_execution_record.md,listed_in_phase0c_legacy_quarantine_plan; phase0c_decision=ARCHIVE_EVIDENCE_AFTER_APPROVAL; touch_categories=weekly_reviews;risk_rules; sensitivity=MEDIUM,weekly_reviews;risk_rules,ARCHIVE_EVIDENCE_AFTER_APPROVAL,MEDIUM,yes,yes,Preserved in place during Phase 0E; no copy/move/delete performed.
03_research/paper_execution_phase2r/RBRK_paper_execution_record.md,listed_in_phase0c_legacy_quarantine_plan; phase0c_decision=ARCHIVE_EVIDENCE_AFTER_APPROVAL; touch_categories=weekly_reviews;risk_rules; sensitivity=MEDIUM,weekly_reviews;risk_rules,ARCHIVE_EVIDENCE_AFTER_APPROVAL,MEDIUM,yes,yes,Preserved in place during Phase 0E; no copy/move/delete performed.
03_research/paper_execution_readiness_phase2o/IOT_paper_execution_readiness.md,listed_in_phase0c_legacy_quarantine_plan; phase0c_decision=LEGACY_QUARANTINE; touch_categories=trade_logs;risk_rules; sensitivity=HIGH,trade_logs;risk_rules,LEGACY_QUARANTINE,HIGH,yes,yes,Preserved in place during Phase 0E; no copy/move/delete performed.
03_research/paper_execution_readiness_phase2o/RBRK_paper_execution_readiness.md,listed_in_phase0c_legacy_quarantine_plan; phase0c_decision=LEGACY_QUARANTINE; touch_categories=trade_logs;risk_rules; sensitivity=HIGH,trade_logs;risk_rules,LEGACY_QUARANTINE,HIGH,yes,yes,Preserved in place during Phase 0E; no copy/move/delete performed.
03_research/paper_plan_drafts_phase2n/IOT_paper_plan_draft.md,listed_in_phase0c_legacy_quarantine_plan; phase0c_decision=ARCHIVE_EVIDENCE_AFTER_APPROVAL; touch_categories=risk_rules; sensitivity=MEDIUM,risk_rules,ARCHIVE_EVIDENCE_AFTER_APPROVAL,MEDIUM,yes,yes,Preserved in place during Phase 0E; no copy/move/delete performed.
03_research/paper_plan_drafts_phase2n/RBRK_paper_plan_draft.md,listed_in_phase0c_legacy_quarantine_plan; phase0c_decision=ARCHIVE_EVIDENCE_AFTER_APPROVAL; touch_categories=risk_rules; sensitivity=MEDIUM,risk_rules,ARCHIVE_EVIDENCE_AFTER_APPROVAL,MEDIUM,yes,yes,Preserved in place during Phase 0E; no copy/move/delete performed.
03_research/peer_data_phase2k/IOT_peer_data.md,listed_in_phase0c_legacy_quarantine_plan; phase0c_decision=ARCHIVE_EVIDENCE_AFTER_APPROVAL,,ARCHIVE_EVIDENCE_AFTER_APPROVAL,LOW,yes,no,Preserved in place during Phase 0E; no copy/move/delete performed.
03_research/peer_data_phase2k/RBRK_peer_data.md,listed_in_phase0c_legacy_quarantine_plan; phase0c_decision=ARCHIVE_EVIDENCE_AFTER_APPROVAL,,ARCHIVE_EVIDENCE_AFTER_APPROVAL,LOW,yes,no,Preserved in place during Phase 0E; no copy/move/delete performed.
03_research/real_position_audit_phase3a/IOT_real_position_audit.md,listed_in_phase0c_legacy_quarantine_plan; phase0c_decision=LEGACY_QUARANTINE; touch_categories=real_positions;risk_rules; sensitivity=HIGH; path_or_name_matches_sensitive_surface,real_positions;risk_rules,LEGACY_QUARANTINE,HIGH,yes,yes,Preserved in place during Phase 0E; no copy/move/delete performed.
03_research/real_position_audit_phase3a/RBRK_real_position_audit.md,listed_in_phase0c_legacy_quarantine_plan; phase0c_decision=LEGACY_QUARANTINE; touch_categories=real_positions;risk_rules; sensitivity=HIGH; path_or_name_matches_sensitive_surface,real_positions;risk_rules,LEGACY_QUARANTINE,HIGH,yes,yes,Preserved in place during Phase 0E; no copy/move/delete performed.
03_research/real_position_monitoring_phase3b/IOT_real_position_note.md,listed_in_phase0c_legacy_quarantine_plan; phase0c_decision=LEGACY_QUARANTINE; touch_categories=real_positions;weekly_reviews;risk_rules; sensitivity=HIGH; path_or_name_matches_sensitive_surface,real_positions;weekly_reviews;risk_rules,LEGACY_QUARANTINE,HIGH,yes,yes,Preserved in place during Phase 0E; no copy/move/delete performed.
03_research/real_position_monitoring_phase3b/RBRK_real_position_note.md,listed_in_phase0c_legacy_quarantine_plan; phase0c_decision=LEGACY_QUARANTINE; touch_categories=real_positions;weekly_reviews;risk_rules; sensitivity=HIGH; path_or_name_matches_sensitive_surface,real_positions;weekly_reviews;risk_rules,LEGACY_QUARANTINE,HIGH,yes,yes,Preserved in place during Phase 0E; no copy/move/delete performed.
03_research/red_team_phase2f/IOT_red_team.md,listed_in_phase0c_legacy_quarantine_plan; phase0c_decision=ARCHIVE_EVIDENCE_AFTER_APPROVAL; touch_categories=risk_rules; sensitivity=MEDIUM,risk_rules,ARCHIVE_EVIDENCE_AFTER_APPROVAL,MEDIUM,yes,yes,Preserved in place during Phase 0E; no copy/move/delete performed.
03_research/red_team_phase2f/RBRK_red_team.md,listed_in_phase0c_legacy_quarantine_plan; phase0c_decision=ARCHIVE_EVIDENCE_AFTER_APPROVAL,,ARCHIVE_EVIDENCE_AFTER_APPROVAL,LOW,yes,no,Preserved in place during Phase 0E; no copy/move/delete performed.
03_research/research_decision_phase2m/IOT_research_decision.md,listed_in_phase0c_legacy_quarantine_plan; phase0c_decision=ARCHIVE_EVIDENCE_AFTER_APPROVAL,,ARCHIVE_EVIDENCE_AFTER_APPROVAL,LOW,yes,no,Preserved in place during Phase 0E; no copy/move/delete performed.
03_research/research_decision_phase2m/RBRK_research_decision.md,listed_in_phase0c_legacy_quarantine_plan; phase0c_decision=ARCHIVE_EVIDENCE_AFTER_APPROVAL,,ARCHIVE_EVIDENCE_AFTER_APPROVAL,LOW,yes,no,Preserved in place during Phase 0E; no copy/move/delete performed.
03_research/scenario_peer_work_phase2j/IOT_peer_framework.md,listed_in_phase0c_legacy_quarantine_plan; phase0c_decision=ARCHIVE_EVIDENCE_AFTER_APPROVAL,,ARCHIVE_EVIDENCE_AFTER_APPROVAL,LOW,yes,no,Preserved in place during Phase 0E; no copy/move/delete performed.
03_research/scenario_peer_work_phase2j/IOT_scenario_workpaper.md,listed_in_phase0c_legacy_quarantine_plan; phase0c_decision=ARCHIVE_EVIDENCE_AFTER_APPROVAL,,ARCHIVE_EVIDENCE_AFTER_APPROVAL,LOW,yes,no,Preserved in place during Phase 0E; no copy/move/delete performed.
03_research/scenario_peer_work_phase2j/RBRK_peer_framework.md,listed_in_phase0c_legacy_quarantine_plan; phase0c_decision=ARCHIVE_EVIDENCE_AFTER_APPROVAL,,ARCHIVE_EVIDENCE_AFTER_APPROVAL,LOW,yes,no,Preserved in place during Phase 0E; no copy/move/delete performed.
03_research/scenario_peer_work_phase2j/RBRK_scenario_workpaper.md,listed_in_phase0c_legacy_quarantine_plan; phase0c_decision=ARCHIVE_EVIDENCE_AFTER_APPROVAL,,ARCHIVE_EVIDENCE_AFTER_APPROVAL,LOW,yes,no,Preserved in place during Phase 0E; no copy/move/delete performed.
03_research/sector_frameworks/ai_infrastructure_framework.md,phase0c_decision=ALLOW_AFTER_REVIEW,,ALLOW_AFTER_REVIEW,LOW,no,yes,Preserved in place during Phase 0E; no copy/move/delete performed.
03_research/sector_frameworks/biotech_framework.md,listed_in_phase0c_legacy_quarantine_plan; phase0c_decision=ARCHIVE_EVIDENCE_AFTER_APPROVAL,,ARCHIVE_EVIDENCE_AFTER_APPROVAL,LOW,yes,no,Preserved in place during Phase 0E; no copy/move/delete performed.
03_research/sector_frameworks/clean_tech_framework.md,phase0c_decision=ALLOW_AFTER_REVIEW,,ALLOW_AFTER_REVIEW,LOW,no,yes,Preserved in place during Phase 0E; no copy/move/delete performed.
03_research/sector_frameworks/semiconductor_framework.md,phase0c_decision=ALLOW_AFTER_REVIEW,,ALLOW_AFTER_REVIEW,LOW,no,yes,Preserved in place during Phase 0E; no copy/move/delete performed.
03_research/triage_notes/ACMR_triage_note.md,listed_in_phase0c_legacy_quarantine_plan; phase0c_decision=ARCHIVE_EVIDENCE_AFTER_APPROVAL,,ARCHIVE_EVIDENCE_AFTER_APPROVAL,LOW,yes,no,Preserved in place during Phase 0E; no copy/move/delete performed.
03_research/triage_notes/ALAB_triage_note.md,listed_in_phase0c_legacy_quarantine_plan; phase0c_decision=ARCHIVE_EVIDENCE_AFTER_APPROVAL,,ARCHIVE_EVIDENCE_AFTER_APPROVAL,LOW,yes,no,Preserved in place during Phase 0E; no copy/move/delete performed.
03_research/triage_notes/ARRY_triage_note.md,listed_in_phase0c_legacy_quarantine_plan; phase0c_decision=ARCHIVE_EVIDENCE_AFTER_APPROVAL,,ARCHIVE_EVIDENCE_AFTER_APPROVAL,LOW,yes,no,Preserved in place during Phase 0E; no copy/move/delete performed.
03_research/triage_notes/CRSP_triage_note.md,listed_in_phase0c_legacy_quarantine_plan; phase0c_decision=ARCHIVE_EVIDENCE_AFTER_APPROVAL,,ARCHIVE_EVIDENCE_AFTER_APPROVAL,LOW,yes,no,Preserved in place during Phase 0E; no copy/move/delete performed.
03_research/triage_notes/CRWV_triage_note.md,listed_in_phase0c_legacy_quarantine_plan; phase0c_decision=ARCHIVE_EVIDENCE_AFTER_APPROVAL,,ARCHIVE_EVIDENCE_AFTER_APPROVAL,LOW,yes,no,Preserved in place during Phase 0E; no copy/move/delete performed.
03_research/triage_notes/ENVX_triage_note.md,listed_in_phase0c_legacy_quarantine_plan; phase0c_decision=ARCHIVE_EVIDENCE_AFTER_APPROVAL,,ARCHIVE_EVIDENCE_AFTER_APPROVAL,LOW,yes,no,Preserved in place during Phase 0E; no copy/move/delete performed.
03_research/triage_notes/FLNC_triage_note.md,listed_in_phase0c_legacy_quarantine_plan; phase0c_decision=ARCHIVE_EVIDENCE_AFTER_APPROVAL,,ARCHIVE_EVIDENCE_AFTER_APPROVAL,LOW,yes,no,Preserved in place during Phase 0E; no copy/move/delete performed.
03_research/triage_notes/IOT_triage_note.md,listed_in_phase0c_legacy_quarantine_plan; phase0c_decision=ARCHIVE_EVIDENCE_AFTER_APPROVAL,,ARCHIVE_EVIDENCE_AFTER_APPROVAL,LOW,yes,no,Preserved in place during Phase 0E; no copy/move/delete performed.
03_research/triage_notes/NVTS_triage_note.md,listed_in_phase0c_legacy_quarantine_plan; phase0c_decision=ARCHIVE_EVIDENCE_AFTER_APPROVAL,,ARCHIVE_EVIDENCE_AFTER_APPROVAL,LOW,yes,no,Preserved in place during Phase 0E; no copy/move/delete performed.
03_research/triage_notes/RBRK_triage_note.md,listed_in_phase0c_legacy_quarantine_plan; phase0c_decision=ARCHIVE_EVIDENCE_AFTER_APPROVAL,,ARCHIVE_EVIDENCE_AFTER_APPROVAL,LOW,yes,no,Preserved in place during Phase 0E; no copy/move/delete performed.
03_research/triage_notes/RXRX_triage_note.md,listed_in_phase0c_legacy_quarantine_plan; phase0c_decision=ARCHIVE_EVIDENCE_AFTER_APPROVAL,,ARCHIVE_EVIDENCE_AFTER_APPROVAL,LOW,yes,no,Preserved in place during Phase 0E; no copy/move/delete performed.
03_research/triage_notes/TEM_triage_note.md,listed_in_phase0c_legacy_quarantine_plan; phase0c_decision=ARCHIVE_EVIDENCE_AFTER_APPROVAL,,ARCHIVE_EVIDENCE_AFTER_APPROVAL,LOW,yes,no,Preserved in place during Phase 0E; no copy/move/delete performed.
03_research/triage_notes_phase2e1/ACMR_phase2e1_note.md,listed_in_phase0c_legacy_quarantine_plan; phase0c_decision=ARCHIVE_EVIDENCE_AFTER_APPROVAL; touch_categories=risk_rules; sensitivity=MEDIUM,risk_rules,ARCHIVE_EVIDENCE_AFTER_APPROVAL,MEDIUM,yes,yes,Preserved in place during Phase 0E; no copy/move/delete performed.
03_research/triage_notes_phase2e1/ALAB_phase2e1_note.md,listed_in_phase0c_legacy_quarantine_plan; phase0c_decision=ARCHIVE_EVIDENCE_AFTER_APPROVAL; touch_categories=risk_rules; sensitivity=MEDIUM,risk_rules,ARCHIVE_EVIDENCE_AFTER_APPROVAL,MEDIUM,yes,yes,Preserved in place during Phase 0E; no copy/move/delete performed.
03_research/triage_notes_phase2e1/ARRY_phase2e1_note.md,listed_in_phase0c_legacy_quarantine_plan; phase0c_decision=ARCHIVE_EVIDENCE_AFTER_APPROVAL; touch_categories=risk_rules; sensitivity=MEDIUM,risk_rules,ARCHIVE_EVIDENCE_AFTER_APPROVAL,MEDIUM,yes,yes,Preserved in place during Phase 0E; no copy/move/delete performed.
03_research/triage_notes_phase2e1/CRSP_phase2e1_note.md,listed_in_phase0c_legacy_quarantine_plan; phase0c_decision=ARCHIVE_EVIDENCE_AFTER_APPROVAL; touch_categories=risk_rules; sensitivity=MEDIUM,risk_rules,ARCHIVE_EVIDENCE_AFTER_APPROVAL,MEDIUM,yes,yes,Preserved in place during Phase 0E; no copy/move/delete performed.
03_research/triage_notes_phase2e1/CRWV_phase2e1_note.md,listed_in_phase0c_legacy_quarantine_plan; phase0c_decision=ARCHIVE_EVIDENCE_AFTER_APPROVAL; touch_categories=risk_rules; sensitivity=MEDIUM,risk_rules,ARCHIVE_EVIDENCE_AFTER_APPROVAL,MEDIUM,yes,yes,Preserved in place during Phase 0E; no copy/move/delete performed.
03_research/triage_notes_phase2e1/ENVX_phase2e1_note.md,listed_in_phase0c_legacy_quarantine_plan; phase0c_decision=ARCHIVE_EVIDENCE_AFTER_APPROVAL,,ARCHIVE_EVIDENCE_AFTER_APPROVAL,LOW,yes,no,Preserved in place during Phase 0E; no copy/move/delete performed.
03_research/triage_notes_phase2e1/FLNC_phase2e1_note.md,listed_in_phase0c_legacy_quarantine_plan; phase0c_decision=ARCHIVE_EVIDENCE_AFTER_APPROVAL; touch_categories=risk_rules; sensitivity=MEDIUM,risk_rules,ARCHIVE_EVIDENCE_AFTER_APPROVAL,MEDIUM,yes,yes,Preserved in place during Phase 0E; no copy/move/delete performed.
03_research/triage_notes_phase2e1/IOT_phase2e1_note.md,listed_in_phase0c_legacy_quarantine_plan; phase0c_decision=ARCHIVE_EVIDENCE_AFTER_APPROVAL,,ARCHIVE_EVIDENCE_AFTER_APPROVAL,LOW,yes,no,Preserved in place during Phase 0E; no copy/move/delete performed.
03_research/triage_notes_phase2e1/NVTS_phase2e1_note.md,listed_in_phase0c_legacy_quarantine_plan; phase0c_decision=ARCHIVE_EVIDENCE_AFTER_APPROVAL; touch_categories=risk_rules; sensitivity=MEDIUM,risk_rules,ARCHIVE_EVIDENCE_AFTER_APPROVAL,MEDIUM,yes,yes,Preserved in place during Phase 0E; no copy/move/delete performed.
03_research/triage_notes_phase2e1/RBRK_phase2e1_note.md,listed_in_phase0c_legacy_quarantine_plan; phase0c_decision=ARCHIVE_EVIDENCE_AFTER_APPROVAL,,ARCHIVE_EVIDENCE_AFTER_APPROVAL,LOW,yes,no,Preserved in place during Phase 0E; no copy/move/delete performed.
03_research/triage_notes_phase2e1/RXRX_phase2e1_note.md,listed_in_phase0c_legacy_quarantine_plan; phase0c_decision=ARCHIVE_EVIDENCE_AFTER_APPROVAL; touch_categories=risk_rules; sensitivity=MEDIUM,risk_rules,ARCHIVE_EVIDENCE_AFTER_APPROVAL,MEDIUM,yes,yes,Preserved in place during Phase 0E; no copy/move/delete performed.
03_research/triage_notes_phase2e1/TEM_phase2e1_note.md,listed_in_phase0c_legacy_quarantine_plan; phase0c_decision=ARCHIVE_EVIDENCE_AFTER_APPROVAL; touch_categories=risk_rules; sensitivity=MEDIUM,risk_rules,ARCHIVE_EVIDENCE_AFTER_APPROVAL,MEDIUM,yes,yes,Preserved in place during Phase 0E; no copy/move/delete performed.
03_research/valuation_earnings_phase2l/IOT_next_earnings_checklist.md,listed_in_phase0c_legacy_quarantine_plan; phase0c_decision=ARCHIVE_EVIDENCE_AFTER_APPROVAL; touch_categories=risk_rules; sensitivity=MEDIUM,risk_rules,ARCHIVE_EVIDENCE_AFTER_APPROVAL,MEDIUM,yes,yes,Preserved in place during Phase 0E; no copy/move/delete performed.
03_research/valuation_earnings_phase2l/IOT_valuation_risk_workpaper.md,listed_in_phase0c_legacy_quarantine_plan; phase0c_decision=ARCHIVE_EVIDENCE_AFTER_APPROVAL,,ARCHIVE_EVIDENCE_AFTER_APPROVAL,LOW,yes,no,Preserved in place during Phase 0E; no copy/move/delete performed.
03_research/valuation_earnings_phase2l/RBRK_next_earnings_checklist.md,listed_in_phase0c_legacy_quarantine_plan; phase0c_decision=ARCHIVE_EVIDENCE_AFTER_APPROVAL; touch_categories=risk_rules; sensitivity=MEDIUM,risk_rules,ARCHIVE_EVIDENCE_AFTER_APPROVAL,MEDIUM,yes,yes,Preserved in place during Phase 0E; no copy/move/delete performed.
03_research/valuation_earnings_phase2l/RBRK_valuation_risk_workpaper.md,listed_in_phase0c_legacy_quarantine_plan; phase0c_decision=ARCHIVE_EVIDENCE_AFTER_APPROVAL,,ARCHIVE_EVIDENCE_AFTER_APPROVAL,LOW,yes,no,Preserved in place during Phase 0E; no copy/move/delete performed.
03_research/weekly_review_agent_phase4a/IOT_weekly_review_note.md,listed_in_phase0c_legacy_quarantine_plan; phase0c_decision=LEGACY_QUARANTINE; touch_categories=real_positions;sec_alerts;weekly_reviews;risk_rules; sensitivity=HIGH; path_or_name_matches_sensitive_surface,real_positions;sec_alerts;weekly_reviews;risk_rules,LEGACY_QUARANTINE,HIGH,yes,yes,Preserved in place during Phase 0E; no copy/move/delete performed.
03_research/weekly_review_agent_phase4a/RBRK_weekly_review_note.md,listed_in_phase0c_legacy_quarantine_plan; phase0c_decision=LEGACY_QUARANTINE; touch_categories=real_positions;sec_alerts;weekly_reviews;risk_rules; sensitivity=HIGH; path_or_name_matches_sensitive_surface,real_positions;sec_alerts;weekly_reviews;risk_rules,LEGACY_QUARANTINE,HIGH,yes,yes,Preserved in place during Phase 0E; no copy/move/delete performed.
04_data/phase2b_candidate_screening_results.csv,listed_in_phase0c_legacy_quarantine_plan; phase0c_decision=ARCHIVE_EVIDENCE_AFTER_APPROVAL,,ARCHIVE_EVIDENCE_AFTER_APPROVAL,LOW,yes,no,Preserved in place during Phase 0E; no copy/move/delete performed.
04_data/phase2e1_8k_dilution_review.csv,listed_in_phase0c_legacy_quarantine_plan; phase0c_decision=ARCHIVE_EVIDENCE_AFTER_APPROVAL,,ARCHIVE_EVIDENCE_AFTER_APPROVAL,LOW,yes,no,Preserved in place during Phase 0E; no copy/move/delete performed.
04_data/phase2e1_manual_market_data_README.md,listed_in_phase0c_legacy_quarantine_plan; phase0c_decision=ARCHIVE_EVIDENCE_AFTER_APPROVAL,,ARCHIVE_EVIDENCE_AFTER_APPROVAL,LOW,yes,no,Preserved in place during Phase 0E; no copy/move/delete performed.
04_data/phase2e1_manual_market_data_filled.csv,listed_in_phase0c_legacy_quarantine_plan; phase0c_decision=ARCHIVE_EVIDENCE_AFTER_APPROVAL,,ARCHIVE_EVIDENCE_AFTER_APPROVAL,LOW,yes,no,Preserved in place during Phase 0E; no copy/move/delete performed.
04_data/phase2e1_manual_market_data_template.csv,listed_in_phase0c_legacy_quarantine_plan; phase0c_decision=ARCHIVE_EVIDENCE_AFTER_APPROVAL,,ARCHIVE_EVIDENCE_AFTER_APPROVAL,LOW,yes,no,Preserved in place during Phase 0E; no copy/move/delete performed.
04_data/phase2e1_manual_market_data_validated.csv,listed_in_phase0c_legacy_quarantine_plan; phase0c_decision=ARCHIVE_EVIDENCE_AFTER_APPROVAL,,ARCHIVE_EVIDENCE_AFTER_APPROVAL,LOW,yes,no,Preserved in place during Phase 0E; no copy/move/delete performed.
04_data/phase2e1_rescored_candidates.csv,listed_in_phase0c_legacy_quarantine_plan; phase0c_decision=ARCHIVE_EVIDENCE_AFTER_APPROVAL,,ARCHIVE_EVIDENCE_AFTER_APPROVAL,LOW,yes,no,Preserved in place during Phase 0E; no copy/move/delete performed.
04_data/phase2e_financial_enrichment.csv,listed_in_phase0c_legacy_quarantine_plan; phase0c_decision=ARCHIVE_EVIDENCE_AFTER_APPROVAL,,ARCHIVE_EVIDENCE_AFTER_APPROVAL,LOW,yes,no,Preserved in place during Phase 0E; no copy/move/delete performed.
04_data/phase2e_first_triage_scores.csv,listed_in_phase0c_legacy_quarantine_plan; phase0c_decision=ARCHIVE_EVIDENCE_AFTER_APPROVAL,,ARCHIVE_EVIDENCE_AFTER_APPROVAL,LOW,yes,no,Preserved in place during Phase 0E; no copy/move/delete performed.
04_data/phase2f_memo_scores.csv,listed_in_phase0c_legacy_quarantine_plan; phase0c_decision=ARCHIVE_EVIDENCE_AFTER_APPROVAL,,ARCHIVE_EVIDENCE_AFTER_APPROVAL,LOW,yes,no,Preserved in place during Phase 0E; no copy/move/delete performed.
04_data/phase2g_review_labels.csv,listed_in_phase0c_legacy_quarantine_plan; phase0c_decision=ARCHIVE_EVIDENCE_AFTER_APPROVAL,,ARCHIVE_EVIDENCE_AFTER_APPROVAL,LOW,yes,no,Preserved in place during Phase 0E; no copy/move/delete performed.
04_data/phase2i_evidence_gap_matrix.csv,listed_in_phase0c_legacy_quarantine_plan; phase0c_decision=ARCHIVE_EVIDENCE_AFTER_APPROVAL,,ARCHIVE_EVIDENCE_AFTER_APPROVAL,LOW,yes,no,Preserved in place during Phase 0E; no copy/move/delete performed.
04_data/phase2i_synthesis_labels.csv,listed_in_phase0c_legacy_quarantine_plan; phase0c_decision=ARCHIVE_EVIDENCE_AFTER_APPROVAL,,ARCHIVE_EVIDENCE_AFTER_APPROVAL,LOW,yes,no,Preserved in place during Phase 0E; no copy/move/delete performed.
04_data/phase2j_scenario_peer_labels.csv,listed_in_phase0c_legacy_quarantine_plan; phase0c_decision=ARCHIVE_EVIDENCE_AFTER_APPROVAL,,ARCHIVE_EVIDENCE_AFTER_APPROVAL,LOW,yes,no,Preserved in place during Phase 0E; no copy/move/delete performed.
04_data/phase2k_peer_data.csv,listed_in_phase0c_legacy_quarantine_plan; phase0c_decision=ARCHIVE_EVIDENCE_AFTER_APPROVAL,,ARCHIVE_EVIDENCE_AFTER_APPROVAL,LOW,yes,no,Preserved in place during Phase 0E; no copy/move/delete performed.
04_data/phase2k_peer_data_quality.csv,listed_in_phase0c_legacy_quarantine_plan; phase0c_decision=ARCHIVE_EVIDENCE_AFTER_APPROVAL,,ARCHIVE_EVIDENCE_AFTER_APPROVAL,LOW,yes,no,Preserved in place during Phase 0E; no copy/move/delete performed.
04_data/phase2l_valuation_earnings_labels.csv,listed_in_phase0c_legacy_quarantine_plan; phase0c_decision=ARCHIVE_EVIDENCE_AFTER_APPROVAL,,ARCHIVE_EVIDENCE_AFTER_APPROVAL,LOW,yes,no,Preserved in place during Phase 0E; no copy/move/delete performed.
04_data/phase2m_research_decision_labels.csv,listed_in_phase0c_legacy_quarantine_plan; phase0c_decision=ARCHIVE_EVIDENCE_AFTER_APPROVAL,,ARCHIVE_EVIDENCE_AFTER_APPROVAL,LOW,yes,no,Preserved in place during Phase 0E; no copy/move/delete performed.
04_data/phase2n_paper_plan_draft_labels.csv,listed_in_phase0c_legacy_quarantine_plan; phase0c_decision=ARCHIVE_EVIDENCE_AFTER_APPROVAL; touch_categories=risk_rules; sensitivity=MEDIUM,risk_rules,ARCHIVE_EVIDENCE_AFTER_APPROVAL,MEDIUM,yes,yes,Preserved in place during Phase 0E; no copy/move/delete performed.
04_data/phase2n_paper_plan_risk_template.csv,listed_in_phase0c_legacy_quarantine_plan; phase0c_decision=ARCHIVE_EVIDENCE_AFTER_APPROVAL; touch_categories=risk_rules; sensitivity=MEDIUM,risk_rules,ARCHIVE_EVIDENCE_AFTER_APPROVAL,MEDIUM,yes,yes,Preserved in place during Phase 0E; no copy/move/delete performed.
04_data/phase2o_manual_chart_review_filled.csv,listed_in_phase0c_legacy_quarantine_plan; phase0c_decision=ARCHIVE_EVIDENCE_AFTER_APPROVAL,,ARCHIVE_EVIDENCE_AFTER_APPROVAL,LOW,yes,no,Preserved in place during Phase 0E; no copy/move/delete performed.
04_data/phase2o_manual_chart_review_validated.csv,listed_in_phase0c_legacy_quarantine_plan; phase0c_decision=ARCHIVE_EVIDENCE_AFTER_APPROVAL,,ARCHIVE_EVIDENCE_AFTER_APPROVAL,LOW,yes,no,Preserved in place during Phase 0E; no copy/move/delete performed.
04_data/phase2o_paper_execution_readiness.csv,listed_in_phase0c_legacy_quarantine_plan; phase0c_decision=LEGACY_QUARANTINE; touch_categories=trade_logs;risk_rules; sensitivity=HIGH,trade_logs;risk_rules,LEGACY_QUARANTINE,HIGH,yes,yes,Preserved in place during Phase 0E; no copy/move/delete performed.
04_data/phase2p_human_signoff_template.csv,listed_in_phase0c_legacy_quarantine_plan; phase0c_decision=ARCHIVE_EVIDENCE_AFTER_APPROVAL; touch_categories=risk_rules; sensitivity=MEDIUM,risk_rules,ARCHIVE_EVIDENCE_AFTER_APPROVAL,MEDIUM,yes,yes,Preserved in place during Phase 0E; no copy/move/delete performed.
04_data/phase2p_paper_execution_log.csv,listed_in_phase0c_legacy_quarantine_plan; phase0c_decision=LEGACY_QUARANTINE; touch_categories=trade_logs;risk_rules; sensitivity=HIGH,trade_logs;risk_rules,LEGACY_QUARANTINE,HIGH,yes,yes,Preserved in place during Phase 0E; no copy/move/delete performed.
04_data/phase2p_risk_calculator_inputs.csv,listed_in_phase0c_legacy_quarantine_plan; phase0c_decision=ARCHIVE_EVIDENCE_AFTER_APPROVAL; touch_categories=risk_rules; sensitivity=MEDIUM,risk_rules,ARCHIVE_EVIDENCE_AFTER_APPROVAL,MEDIUM,yes,yes,Preserved in place during Phase 0E; no copy/move/delete performed.
04_data/phase2q_execution_decision.csv,listed_in_phase0c_legacy_quarantine_plan; phase0c_decision=ARCHIVE_EVIDENCE_AFTER_APPROVAL,,ARCHIVE_EVIDENCE_AFTER_APPROVAL,LOW,yes,no,Preserved in place during Phase 0E; no copy/move/delete performed.
04_data/phase2q_manual_execution_inputs_filled.xlsx,listed_in_phase0c_legacy_quarantine_plan; phase0c_decision=ARCHIVE_EVIDENCE_AFTER_APPROVAL,,ARCHIVE_EVIDENCE_AFTER_APPROVAL,LOW,yes,no,Preserved in place during Phase 0E; no copy/move/delete performed.
04_data/phase2q_manual_execution_inputs_filled_normalized.csv,listed_in_phase0c_legacy_quarantine_plan; phase0c_decision=ARCHIVE_EVIDENCE_AFTER_APPROVAL,,ARCHIVE_EVIDENCE_AFTER_APPROVAL,LOW,yes,no,Preserved in place during Phase 0E; no copy/move/delete performed.
04_data/phase2q_manual_execution_inputs_validated.csv,listed_in_phase0c_legacy_quarantine_plan; phase0c_decision=ARCHIVE_EVIDENCE_AFTER_APPROVAL,,ARCHIVE_EVIDENCE_AFTER_APPROVAL,LOW,yes,no,Preserved in place during Phase 0E; no copy/move/delete performed.
04_data/phase2q_risk_calculator_results.csv,listed_in_phase0c_legacy_quarantine_plan; phase0c_decision=ARCHIVE_EVIDENCE_AFTER_APPROVAL; touch_categories=risk_rules; sensitivity=MEDIUM,risk_rules,ARCHIVE_EVIDENCE_AFTER_APPROVAL,MEDIUM,yes,yes,Preserved in place during Phase 0E; no copy/move/delete performed.
04_data/phase2r_monitoring_checklist.csv,listed_in_phase0c_legacy_quarantine_plan; phase0c_decision=ARCHIVE_EVIDENCE_AFTER_APPROVAL,,ARCHIVE_EVIDENCE_AFTER_APPROVAL,LOW,yes,no,Preserved in place during Phase 0E; no copy/move/delete performed.
04_data/phase2r_open_paper_positions.csv,listed_in_phase0c_legacy_quarantine_plan; phase0c_decision=ARCHIVE_EVIDENCE_AFTER_APPROVAL,,ARCHIVE_EVIDENCE_AFTER_APPROVAL,LOW,yes,no,Preserved in place during Phase 0E; no copy/move/delete performed.
04_data/phase2r_paper_execution_log.csv,listed_in_phase0c_legacy_quarantine_plan; phase0c_decision=LEGACY_QUARANTINE; touch_categories=trade_logs; sensitivity=HIGH,trade_logs,LEGACY_QUARANTINE,HIGH,yes,yes,Preserved in place during Phase 0E; no copy/move/delete performed.
04_data/phase3a_real_position_audit.csv,listed_in_phase0c_legacy_quarantine_plan; phase0c_decision=LEGACY_QUARANTINE; touch_categories=real_positions; sensitivity=HIGH; path_or_name_matches_sensitive_surface,real_positions,LEGACY_QUARANTINE,HIGH,yes,yes,Preserved in place during Phase 0E; no copy/move/delete performed.
04_data/phase3a_structure_transition_checklist.csv,listed_in_phase0c_legacy_quarantine_plan; phase0c_decision=LEGACY_QUARANTINE; touch_categories=real_positions;trade_logs; sensitivity=HIGH,real_positions;trade_logs,LEGACY_QUARANTINE,HIGH,yes,yes,Preserved in place during Phase 0E; no copy/move/delete performed.
04_data/phase3b_real_position_input_template.csv,listed_in_phase0c_legacy_quarantine_plan; phase0c_decision=LEGACY_QUARANTINE; touch_categories=real_positions; sensitivity=HIGH; path_or_name_matches_sensitive_surface,real_positions,LEGACY_QUARANTINE,HIGH,yes,yes,Preserved in place during Phase 0E; no copy/move/delete performed.
04_data/phase3b_real_position_inputs_filled.csv,listed_in_phase0c_legacy_quarantine_plan; phase0c_decision=LEGACY_QUARANTINE; touch_categories=real_positions; sensitivity=HIGH; path_or_name_matches_sensitive_surface,real_positions,LEGACY_QUARANTINE,HIGH,yes,yes,Preserved in place during Phase 0E; no copy/move/delete performed.
04_data/phase3b_real_position_inputs_filled_normalized.csv,listed_in_phase0c_legacy_quarantine_plan; phase0c_decision=LEGACY_QUARANTINE; touch_categories=real_positions; sensitivity=HIGH; path_or_name_matches_sensitive_surface,real_positions,LEGACY_QUARANTINE,HIGH,yes,yes,Preserved in place during Phase 0E; no copy/move/delete performed.
04_data/phase3b_real_position_log.csv,listed_in_phase0c_legacy_quarantine_plan; phase0c_decision=LEGACY_QUARANTINE; touch_categories=real_positions; sensitivity=HIGH; path_or_name_matches_sensitive_surface,real_positions,LEGACY_QUARANTINE,HIGH,yes,yes,Preserved in place during Phase 0E; no copy/move/delete performed.
04_data/phase3b_real_position_risk_review.csv,listed_in_phase0c_legacy_quarantine_plan; phase0c_decision=LEGACY_QUARANTINE; touch_categories=real_positions;risk_rules; sensitivity=HIGH; path_or_name_matches_sensitive_surface,real_positions;risk_rules,LEGACY_QUARANTINE,HIGH,yes,yes,Preserved in place during Phase 0E; no copy/move/delete performed.
04_data/phase3b_real_risk_calculation.csv,listed_in_phase0c_legacy_quarantine_plan; phase0c_decision=LEGACY_QUARANTINE; touch_categories=real_positions; sensitivity=HIGH,real_positions,LEGACY_QUARANTINE,HIGH,yes,yes,Preserved in place during Phase 0E; no copy/move/delete performed.
04_data/phase3b_weekly_monitoring_checklist.csv,listed_in_phase0c_legacy_quarantine_plan; phase0c_decision=LEGACY_QUARANTINE; touch_categories=trade_logs;weekly_reviews; sensitivity=HIGH,trade_logs;weekly_reviews,LEGACY_QUARANTINE,HIGH,yes,yes,Preserved in place during Phase 0E; no copy/move/delete performed.
04_data/phase3c_restructure_action_items.csv,listed_in_phase0c_legacy_quarantine_plan; phase0c_decision=EXCLUDE_FROM_PHASE5R; touch_categories=real_positions;email_drafts;sec_alerts;weekly_reviews;risk_rules; sensitivity=HIGH,real_positions;email_drafts;sec_alerts;weekly_reviews;risk_rules,EXCLUDE_FROM_PHASE5R,HIGH,yes,yes,Preserved in place during Phase 0E; no copy/move/delete performed.
04_data/phase4a_weekly_action_labels.csv,listed_in_phase0c_legacy_quarantine_plan; phase0c_decision=LEGACY_QUARANTINE; touch_categories=weekly_reviews; sensitivity=MEDIUM,weekly_reviews,LEGACY_QUARANTINE,MEDIUM,yes,yes,Preserved in place during Phase 0E; no copy/move/delete performed.
04_data/phase4a_weekly_real_position_alerts.csv,listed_in_phase0c_legacy_quarantine_plan; phase0c_decision=LEGACY_QUARANTINE; touch_categories=real_positions;weekly_reviews; sensitivity=HIGH; path_or_name_matches_sensitive_surface,real_positions;weekly_reviews,LEGACY_QUARANTINE,HIGH,yes,yes,Preserved in place during Phase 0E; no copy/move/delete performed.
04_data/phase4a_weekly_review_run_log.csv,listed_in_phase0c_legacy_quarantine_plan; phase0c_decision=LEGACY_QUARANTINE; touch_categories=weekly_reviews; sensitivity=MEDIUM; path_or_name_matches_sensitive_surface,weekly_reviews,LEGACY_QUARANTINE,MEDIUM,yes,yes,Preserved in place during Phase 0E; no copy/move/delete performed.
04_data/phase4b_email_draft_metadata.csv,listed_in_phase0c_legacy_quarantine_plan; phase0c_decision=EXCLUDE_FROM_PHASE5R; touch_categories=email_drafts;risk_rules; sensitivity=HIGH; path_or_name_matches_sensitive_surface,email_drafts;risk_rules,EXCLUDE_FROM_PHASE5R,HIGH,yes,yes,Preserved in place during Phase 0E; no copy/move/delete performed.
04_data/phase4b_email_draft_run_log.csv,listed_in_phase0c_legacy_quarantine_plan; phase0c_decision=EXCLUDE_FROM_PHASE5R; touch_categories=real_positions;email_drafts;weekly_reviews; sensitivity=HIGH; path_or_name_matches_sensitive_surface,real_positions;email_drafts;weekly_reviews,EXCLUDE_FROM_PHASE5R,HIGH,yes,yes,Preserved in place during Phase 0E; no copy/move/delete performed.
04_data/phase5a_email_automation_action_items.csv,listed_in_phase0c_legacy_quarantine_plan; phase0c_decision=EXCLUDE_FROM_PHASE5R; touch_categories=email_drafts; sensitivity=HIGH; path_or_name_matches_sensitive_surface,email_drafts,EXCLUDE_FROM_PHASE5R,HIGH,yes,yes,Preserved in place during Phase 0E; no copy/move/delete performed.
04_data/phase5b_email_preflight_results.csv,listed_in_phase0c_legacy_quarantine_plan; phase0c_decision=EXCLUDE_FROM_PHASE5R; touch_categories=email_drafts; sensitivity=HIGH; path_or_name_matches_sensitive_surface,email_drafts,EXCLUDE_FROM_PHASE5R,HIGH,yes,yes,Preserved in place during Phase 0E; no copy/move/delete performed.
04_data/phase5b_email_preflight_run_log.csv,listed_in_phase0c_legacy_quarantine_plan; phase0c_decision=EXCLUDE_FROM_PHASE5R; touch_categories=email_drafts; sensitivity=HIGH; path_or_name_matches_sensitive_surface,email_drafts,EXCLUDE_FROM_PHASE5R,HIGH,yes,yes,Preserved in place during Phase 0E; no copy/move/delete performed.
04_data/phase5b_recipient_allowlist.csv,listed_in_phase0c_legacy_quarantine_plan; phase0c_decision=EXCLUDE_FROM_PHASE5R; touch_categories=email_drafts; sensitivity=HIGH; path_or_name_matches_sensitive_surface,email_drafts,EXCLUDE_FROM_PHASE5R,HIGH,yes,yes,Preserved in place during Phase 0E; no copy/move/delete performed.
04_data/screening_results.csv,phase0c_decision=EXCLUDE_FROM_PHASE5R,,EXCLUDE_FROM_PHASE5R,LOW,no,no,Preserved in place during Phase 0E; no copy/move/delete performed.
05_scripts/audit_phase3a_real_position_structure.py,listed_in_phase0c_legacy_quarantine_plan; phase0c_decision=LEGACY_QUARANTINE; touch_categories=real_positions;trade_logs;weekly_reviews;risk_rules; sensitivity=HIGH; path_or_name_matches_sensitive_surface,real_positions;trade_logs;weekly_reviews;risk_rules,LEGACY_QUARANTINE,HIGH,yes,yes,Preserved in place during Phase 0E; no copy/move/delete performed.
05_scripts/audit_phase3c_agent_restructure.py,listed_in_phase0c_legacy_quarantine_plan; phase0c_decision=LEGACY_QUARANTINE; touch_categories=real_positions;trade_logs;email_drafts;sec_alerts;weekly_reviews;risk_rules; sensitivity=HIGH,real_positions;trade_logs;email_drafts;sec_alerts;weekly_reviews;risk_rules,LEGACY_QUARANTINE,HIGH,yes,yes,Preserved in place during Phase 0E; no copy/move/delete performed.
05_scripts/calculate_phase3b_real_risk.py,listed_in_phase0c_legacy_quarantine_plan; phase0c_decision=LEGACY_QUARANTINE; touch_categories=real_positions;risk_rules; sensitivity=HIGH,real_positions;risk_rules,LEGACY_QUARANTINE,HIGH,yes,yes,Preserved in place during Phase 0E; no copy/move/delete performed.
05_scripts/check_phase4a_sec_filing_alerts.py,listed_in_phase0c_legacy_quarantine_plan; phase0c_decision=LEGACY_QUARANTINE; touch_categories=real_positions;sec_alerts;weekly_reviews; sensitivity=HIGH,real_positions;sec_alerts;weekly_reviews,LEGACY_QUARANTINE,HIGH,yes,yes,Preserved in place during Phase 0E; no copy/move/delete performed.
05_scripts/collect_phase2k_peer_data.py,listed_in_phase0c_legacy_quarantine_plan; phase0c_decision=ARCHIVE_EVIDENCE_AFTER_APPROVAL,,ARCHIVE_EVIDENCE_AFTER_APPROVAL,LOW,yes,no,Preserved in place during Phase 0E; no copy/move/delete performed.
05_scripts/create_phase2h_manual_review_worksheets.py,listed_in_phase0c_legacy_quarantine_plan; phase0c_decision=ARCHIVE_EVIDENCE_AFTER_APPROVAL,,ARCHIVE_EVIDENCE_AFTER_APPROVAL,LOW,yes,no,Preserved in place during Phase 0E; no copy/move/delete performed.
05_scripts/create_phase2j_scenario_peer_workpapers.py,listed_in_phase0c_legacy_quarantine_plan; phase0c_decision=ARCHIVE_EVIDENCE_AFTER_APPROVAL,,ARCHIVE_EVIDENCE_AFTER_APPROVAL,LOW,yes,no,Preserved in place during Phase 0E; no copy/move/delete performed.
05_scripts/create_phase2l_valuation_earnings_workpapers.py,listed_in_phase0c_legacy_quarantine_plan; phase0c_decision=ARCHIVE_EVIDENCE_AFTER_APPROVAL; touch_categories=risk_rules; sensitivity=MEDIUM,risk_rules,ARCHIVE_EVIDENCE_AFTER_APPROVAL,MEDIUM,yes,yes,Preserved in place during Phase 0E; no copy/move/delete performed.
05_scripts/create_phase2m_research_decision_review.py,listed_in_phase0c_legacy_quarantine_plan; phase0c_decision=ARCHIVE_EVIDENCE_AFTER_APPROVAL; touch_categories=risk_rules; sensitivity=MEDIUM,risk_rules,ARCHIVE_EVIDENCE_AFTER_APPROVAL,MEDIUM,yes,yes,Preserved in place during Phase 0E; no copy/move/delete performed.
05_scripts/create_phase2n_paper_plan_drafts.py,listed_in_phase0c_legacy_quarantine_plan; phase0c_decision=ARCHIVE_EVIDENCE_AFTER_APPROVAL; touch_categories=risk_rules; sensitivity=MEDIUM,risk_rules,ARCHIVE_EVIDENCE_AFTER_APPROVAL,MEDIUM,yes,yes,Preserved in place during Phase 0E; no copy/move/delete performed.
05_scripts/create_phase2o_paper_execution_readiness.py,listed_in_phase0c_legacy_quarantine_plan; phase0c_decision=LEGACY_QUARANTINE; touch_categories=trade_logs;risk_rules; sensitivity=HIGH,trade_logs;risk_rules,LEGACY_QUARANTINE,HIGH,yes,yes,Preserved in place during Phase 0E; no copy/move/delete performed.
05_scripts/create_phase2p_paper_execution_log_setup.py,listed_in_phase0c_legacy_quarantine_plan; phase0c_decision=LEGACY_QUARANTINE; touch_categories=trade_logs;risk_rules; sensitivity=HIGH,trade_logs;risk_rules,LEGACY_QUARANTINE,HIGH,yes,yes,Preserved in place during Phase 0E; no copy/move/delete performed.
05_scripts/create_phase2q_execution_decision_gate.py,listed_in_phase0c_legacy_quarantine_plan; phase0c_decision=LEGACY_QUARANTINE; touch_categories=trade_logs;risk_rules; sensitivity=HIGH,trade_logs;risk_rules,LEGACY_QUARANTINE,HIGH,yes,yes,Preserved in place during Phase 0E; no copy/move/delete performed.
05_scripts/create_phase2r_paper_execution_log.py,listed_in_phase0c_legacy_quarantine_plan; phase0c_decision=LEGACY_QUARANTINE; touch_categories=trade_logs;weekly_reviews;risk_rules; sensitivity=HIGH,trade_logs;weekly_reviews;risk_rules,LEGACY_QUARANTINE,HIGH,yes,yes,Preserved in place during Phase 0E; no copy/move/delete performed.
05_scripts/create_phase3b_real_position_log.py,listed_in_phase0c_legacy_quarantine_plan; phase0c_decision=LEGACY_QUARANTINE; touch_categories=real_positions;trade_logs;weekly_reviews;risk_rules; sensitivity=HIGH; path_or_name_matches_sensitive_surface,real_positions;trade_logs;weekly_reviews;risk_rules,LEGACY_QUARANTINE,HIGH,yes,yes,Preserved in place during Phase 0E; no copy/move/delete performed.
05_scripts/create_phase4a_weekly_action_labels.py,listed_in_phase0c_legacy_quarantine_plan; phase0c_decision=LEGACY_QUARANTINE; touch_categories=real_positions;weekly_reviews; sensitivity=HIGH,real_positions;weekly_reviews,LEGACY_QUARANTINE,HIGH,yes,yes,Preserved in place during Phase 0E; no copy/move/delete performed.
05_scripts/create_phase4b_weekly_email_draft.py,listed_in_phase0c_legacy_quarantine_plan; phase0c_decision=EXCLUDE_FROM_PHASE5R; touch_categories=real_positions;email_drafts;sec_alerts;weekly_reviews;risk_rules; sensitivity=HIGH; path_or_name_matches_sensitive_surface,real_positions;email_drafts;sec_alerts;weekly_reviews;risk_rules,EXCLUDE_FROM_PHASE5R,HIGH,yes,yes,Preserved in place during Phase 0E; no copy/move/delete performed.
05_scripts/enrich_candidate_financials.py,Deferred in Phase 0E: Phase 0E copies verified Phase 5R-A static/manual scripts only. This allowlisted workflow remains in place until a later script migration/reference update phase.,,ALLOW_FOR_PHASE5R,LOW,no,no,Skipped Phase 0E copy candidate; original preserved in place.
05_scripts/extract_phase2f_filing_excerpts.py,listed_in_phase0c_legacy_quarantine_plan; phase0c_decision=ARCHIVE_EVIDENCE_AFTER_APPROVAL,,ARCHIVE_EVIDENCE_AFTER_APPROVAL,LOW,yes,no,Preserved in place during Phase 0E; no copy/move/delete performed.
05_scripts/make_gpt_packet.py,Deferred in Phase 0E: Phase 0E copies verified Phase 5R-A static/manual scripts only. This allowlisted workflow remains in place until a later script migration/reference update phase.,,ALLOW_FOR_PHASE5R,LOW,no,no,Skipped Phase 0E copy candidate; original preserved in place.
05_scripts/make_weekly_report.py,listed_in_phase0c_legacy_quarantine_plan; phase0c_decision=LEGACY_QUARANTINE; touch_categories=real_positions;trade_logs;weekly_reviews; sensitivity=HIGH,real_positions;trade_logs;weekly_reviews,LEGACY_QUARANTINE,HIGH,yes,yes,Preserved in place during Phase 0E; no copy/move/delete performed.
05_scripts/normalize_phase2q_filled_inputs.py,listed_in_phase0c_legacy_quarantine_plan; phase0c_decision=ARCHIVE_EVIDENCE_AFTER_APPROVAL,,ARCHIVE_EVIDENCE_AFTER_APPROVAL,LOW,yes,no,Preserved in place during Phase 0E; no copy/move/delete performed.
05_scripts/normalize_phase3b_real_position_inputs.py,listed_in_phase0c_legacy_quarantine_plan; phase0c_decision=LEGACY_QUARANTINE; touch_categories=real_positions; sensitivity=HIGH; path_or_name_matches_sensitive_surface,real_positions,LEGACY_QUARANTINE,HIGH,yes,yes,Preserved in place during Phase 0E; no copy/move/delete performed.
05_scripts/phase5a_email_automation_preflight.py,listed_in_phase0c_legacy_quarantine_plan; phase0c_decision=EXCLUDE_FROM_PHASE5R; touch_categories=email_drafts; sensitivity=HIGH; path_or_name_matches_sensitive_surface,email_drafts,EXCLUDE_FROM_PHASE5R,HIGH,yes,yes,Preserved in place during Phase 0E; no copy/move/delete performed.
05_scripts/phase5b_email_preflight_validator.py,listed_in_phase0c_legacy_quarantine_plan; phase0c_decision=EXCLUDE_FROM_PHASE5R; touch_categories=email_drafts; sensitivity=HIGH; path_or_name_matches_sensitive_surface,email_drafts,EXCLUDE_FROM_PHASE5R,HIGH,yes,yes,Preserved in place during Phase 0E; no copy/move/delete performed.
05_scripts/rescore_phase2e1_candidates.py,listed_in_phase0c_legacy_quarantine_plan; phase0c_decision=ARCHIVE_EVIDENCE_AFTER_APPROVAL; touch_categories=risk_rules; sensitivity=MEDIUM,risk_rules,ARCHIVE_EVIDENCE_AFTER_APPROVAL,MEDIUM,yes,yes,Preserved in place during Phase 0E; no copy/move/delete performed.
05_scripts/review_8k_and_dilution_filings.py,listed_in_phase0c_legacy_quarantine_plan; phase0c_decision=ARCHIVE_EVIDENCE_AFTER_APPROVAL; touch_categories=risk_rules; sensitivity=MEDIUM,risk_rules,ARCHIVE_EVIDENCE_AFTER_APPROVAL,MEDIUM,yes,yes,Preserved in place during Phase 0E; no copy/move/delete performed.
05_scripts/risk_calculator.py,phase0c_decision=ALLOW_AFTER_REVIEW; touch_categories=risk_rules; sensitivity=MEDIUM,risk_rules,ALLOW_AFTER_REVIEW,MEDIUM,no,yes,Preserved in place during Phase 0E; no copy/move/delete performed.
05_scripts/run_phase2q_paper_risk_calculator.py,listed_in_phase0c_legacy_quarantine_plan; phase0c_decision=ARCHIVE_EVIDENCE_AFTER_APPROVAL; touch_categories=risk_rules; sensitivity=MEDIUM,risk_rules,ARCHIVE_EVIDENCE_AFTER_APPROVAL,MEDIUM,yes,yes,Preserved in place during Phase 0E; no copy/move/delete performed.
05_scripts/run_phase4a_weekly_real_position_review.py,listed_in_phase0c_legacy_quarantine_plan; phase0c_decision=EXCLUDE_FROM_PHASE5R; touch_categories=real_positions;email_drafts;sec_alerts;weekly_reviews;risk_rules; sensitivity=HIGH; path_or_name_matches_sensitive_surface,real_positions;email_drafts;sec_alerts;weekly_reviews;risk_rules,EXCLUDE_FROM_PHASE5R,HIGH,yes,yes,Preserved in place during Phase 0E; no copy/move/delete performed.
05_scripts/score_phase2e_candidates.py,listed_in_phase0c_legacy_quarantine_plan; phase0c_decision=ARCHIVE_EVIDENCE_AFTER_APPROVAL,,ARCHIVE_EVIDENCE_AFTER_APPROVAL,LOW,yes,no,Preserved in place during Phase 0E; no copy/move/delete performed.
05_scripts/score_phase2f_memos.py,listed_in_phase0c_legacy_quarantine_plan; phase0c_decision=ARCHIVE_EVIDENCE_AFTER_APPROVAL,,ARCHIVE_EVIDENCE_AFTER_APPROVAL,LOW,yes,no,Preserved in place during Phase 0E; no copy/move/delete performed.
05_scripts/score_phase2k_peer_data_quality.py,listed_in_phase0c_legacy_quarantine_plan; phase0c_decision=ARCHIVE_EVIDENCE_AFTER_APPROVAL; touch_categories=risk_rules; sensitivity=MEDIUM,risk_rules,ARCHIVE_EVIDENCE_AFTER_APPROVAL,MEDIUM,yes,yes,Preserved in place during Phase 0E; no copy/move/delete performed.
05_scripts/screen_universe.py,Deferred in Phase 0E: Phase 0E copies verified Phase 5R-A static/manual scripts only. This allowlisted workflow remains in place until a later script migration/reference update phase.,,ALLOW_FOR_PHASE5R,LOW,no,no,Skipped Phase 0E copy candidate; original preserved in place.
05_scripts/synthesize_phase2i_human_notes.py,listed_in_phase0c_legacy_quarantine_plan; phase0c_decision=ARCHIVE_EVIDENCE_AFTER_APPROVAL,,ARCHIVE_EVIDENCE_AFTER_APPROVAL,LOW,yes,no,Preserved in place during Phase 0E; no copy/move/delete performed.
05_scripts/update_sec_filings.py,Deferred in Phase 0E: Phase 0E copies verified Phase 5R-A static/manual scripts only. This allowlisted workflow remains in place until a later script migration/reference update phase.,,ALLOW_FOR_PHASE5R,LOW,no,no,Skipped Phase 0E copy candidate; original preserved in place.
05_scripts/validate_manual_market_data.py,Deferred in Phase 0E: Phase 0E copies verified Phase 5R-A static/manual scripts only. This allowlisted workflow remains in place until a later script migration/reference update phase.,,ALLOW_FOR_PHASE5R,LOW,no,no,Skipped Phase 0E copy candidate; original preserved in place.
05_scripts/validate_phase2o_manual_chart_review.py,listed_in_phase0c_legacy_quarantine_plan; phase0c_decision=ARCHIVE_EVIDENCE_AFTER_APPROVAL; touch_categories=risk_rules; sensitivity=MEDIUM,risk_rules,ARCHIVE_EVIDENCE_AFTER_APPROVAL,MEDIUM,yes,yes,Preserved in place during Phase 0E; no copy/move/delete performed.
05_scripts/validate_phase2q_manual_execution_inputs.py,listed_in_phase0c_legacy_quarantine_plan; phase0c_decision=ARCHIVE_EVIDENCE_AFTER_APPROVAL,,ARCHIVE_EVIDENCE_AFTER_APPROVAL,LOW,yes,no,Preserved in place during Phase 0E; no copy/move/delete performed.
06_trading/paper_trades.csv,listed_in_phase0c_legacy_quarantine_plan; phase0c_decision=LEGACY_QUARANTINE; touch_categories=trade_logs; sensitivity=HIGH; path_or_name_matches_sensitive_surface,trade_logs,LEGACY_QUARANTINE,HIGH,yes,yes,Preserved in place during Phase 0E; no copy/move/delete performed.
06_trading/real_trades.csv,listed_in_phase0c_legacy_quarantine_plan; phase0c_decision=LEGACY_QUARANTINE; touch_categories=real_positions;trade_logs; sensitivity=HIGH; path_or_name_matches_sensitive_surface,real_positions;trade_logs,LEGACY_QUARANTINE,HIGH,yes,yes,Preserved in place during Phase 0E; no copy/move/delete performed.
06_trading/trade_journal.csv,listed_in_phase0c_legacy_quarantine_plan; phase0c_decision=LEGACY_QUARANTINE; touch_categories=trade_logs; sensitivity=HIGH; path_or_name_matches_sensitive_surface,trade_logs,LEGACY_QUARANTINE,HIGH,yes,yes,Preserved in place during Phase 0E; no copy/move/delete performed.
07_reviews/latest_real_position_weekly_review.md,listed_in_phase0c_legacy_quarantine_plan; phase0c_decision=LEGACY_QUARANTINE; touch_categories=real_positions;sec_alerts;weekly_reviews;risk_rules; sensitivity=HIGH; path_or_name_matches_sensitive_surface,real_positions;sec_alerts;weekly_reviews;risk_rules,LEGACY_QUARANTINE,HIGH,yes,yes,Preserved in place during Phase 0E; no copy/move/delete performed.
07_reviews/latest_weekly_report.md,phase0c_decision=EXCLUDE_FROM_PHASE5R; touch_categories=weekly_reviews; sensitivity=MEDIUM,weekly_reviews,EXCLUDE_FROM_PHASE5R,MEDIUM,no,yes,Preserved in place during Phase 0E; no copy/move/delete performed.
07_reviews/monthly_review_template.md,phase0c_decision=EXCLUDE_FROM_PHASE5R; touch_categories=risk_rules; sensitivity=MEDIUM,risk_rules,EXCLUDE_FROM_PHASE5R,MEDIUM,no,yes,Preserved in place during Phase 0E; no copy/move/delete performed.
07_reviews/phase0_audit_report.md,listed_in_phase0c_legacy_quarantine_plan; phase0c_decision=LEGACY_QUARANTINE; touch_categories=real_positions;trade_logs;weekly_reviews;risk_rules; sensitivity=HIGH,real_positions;trade_logs;weekly_reviews;risk_rules,LEGACY_QUARANTINE,HIGH,yes,yes,Preserved in place during Phase 0E; no copy/move/delete performed.
07_reviews/phase0b_phase1a_report.md,listed_in_phase0c_legacy_quarantine_plan; phase0c_decision=LEGACY_QUARANTINE; touch_categories=real_positions;trade_logs;weekly_reviews;risk_rules; sensitivity=HIGH,real_positions;trade_logs;weekly_reviews;risk_rules,LEGACY_QUARANTINE,HIGH,yes,yes,Preserved in place during Phase 0E; no copy/move/delete performed.
07_reviews/phase1b_dry_run_report.md,listed_in_phase0c_legacy_quarantine_plan; phase0c_decision=ARCHIVE_EVIDENCE_AFTER_APPROVAL; touch_categories=weekly_reviews;risk_rules; sensitivity=MEDIUM,weekly_reviews;risk_rules,ARCHIVE_EVIDENCE_AFTER_APPROVAL,MEDIUM,yes,yes,Preserved in place during Phase 0E; no copy/move/delete performed.
07_reviews/phase1c_sec_fetch_report.md,listed_in_phase0c_legacy_quarantine_plan; phase0c_decision=ARCHIVE_EVIDENCE_AFTER_APPROVAL; touch_categories=weekly_reviews;risk_rules; sensitivity=MEDIUM,weekly_reviews;risk_rules,ARCHIVE_EVIDENCE_AFTER_APPROVAL,MEDIUM,yes,yes,Preserved in place during Phase 0E; no copy/move/delete performed.
07_reviews/phase1d_gpt_packet_report.md,listed_in_phase0c_legacy_quarantine_plan; phase0c_decision=ARCHIVE_EVIDENCE_AFTER_APPROVAL; touch_categories=weekly_reviews;risk_rules; sensitivity=MEDIUM,weekly_reviews;risk_rules,ARCHIVE_EVIDENCE_AFTER_APPROVAL,MEDIUM,yes,yes,Preserved in place during Phase 0E; no copy/move/delete performed.
07_reviews/phase1e_skill_draft_report.md,listed_in_phase0c_legacy_quarantine_plan; phase0c_decision=ARCHIVE_EVIDENCE_AFTER_APPROVAL; touch_categories=weekly_reviews; sensitivity=MEDIUM,weekly_reviews,ARCHIVE_EVIDENCE_AFTER_APPROVAL,MEDIUM,yes,yes,Preserved in place during Phase 0E; no copy/move/delete performed.
07_reviews/phase2a_real_universe_setup_report.md,listed_in_phase0c_legacy_quarantine_plan; phase0c_decision=ARCHIVE_EVIDENCE_AFTER_APPROVAL; touch_categories=weekly_reviews; sensitivity=MEDIUM,weekly_reviews,ARCHIVE_EVIDENCE_AFTER_APPROVAL,MEDIUM,yes,yes,Preserved in place during Phase 0E; no copy/move/delete performed.
07_reviews/phase2b_candidate_sourcing_report.md,listed_in_phase0c_legacy_quarantine_plan; phase0c_decision=ARCHIVE_EVIDENCE_AFTER_APPROVAL; touch_categories=weekly_reviews; sensitivity=MEDIUM,weekly_reviews,ARCHIVE_EVIDENCE_AFTER_APPROVAL,MEDIUM,yes,yes,Preserved in place during Phase 0E; no copy/move/delete performed.
07_reviews/phase2c_sec_fetch_report.md,listed_in_phase0c_legacy_quarantine_plan; phase0c_decision=ARCHIVE_EVIDENCE_AFTER_APPROVAL; touch_categories=weekly_reviews;risk_rules; sensitivity=MEDIUM,weekly_reviews;risk_rules,ARCHIVE_EVIDENCE_AFTER_APPROVAL,MEDIUM,yes,yes,Preserved in place during Phase 0E; no copy/move/delete performed.
07_reviews/phase2d_gpt_packet_report.md,listed_in_phase0c_legacy_quarantine_plan; phase0c_decision=ARCHIVE_EVIDENCE_AFTER_APPROVAL; touch_categories=weekly_reviews;risk_rules; sensitivity=MEDIUM,weekly_reviews;risk_rules,ARCHIVE_EVIDENCE_AFTER_APPROVAL,MEDIUM,yes,yes,Preserved in place during Phase 0E; no copy/move/delete performed.
07_reviews/phase2e1_market_8k_dilution_report.md,listed_in_phase0c_legacy_quarantine_plan; phase0c_decision=ARCHIVE_EVIDENCE_AFTER_APPROVAL,,ARCHIVE_EVIDENCE_AFTER_APPROVAL,LOW,yes,no,Preserved in place during Phase 0E; no copy/move/delete performed.
07_reviews/phase2e1_market_8k_dilution_report_after_filled_data.md,listed_in_phase0c_legacy_quarantine_plan; phase0c_decision=ARCHIVE_EVIDENCE_AFTER_APPROVAL,,ARCHIVE_EVIDENCE_AFTER_APPROVAL,LOW,yes,no,Preserved in place during Phase 0E; no copy/move/delete performed.
07_reviews/phase2e_financial_enrichment_report.md,listed_in_phase0c_legacy_quarantine_plan; phase0c_decision=ARCHIVE_EVIDENCE_AFTER_APPROVAL; touch_categories=weekly_reviews;risk_rules; sensitivity=MEDIUM,weekly_reviews;risk_rules,ARCHIVE_EVIDENCE_AFTER_APPROVAL,MEDIUM,yes,yes,Preserved in place during Phase 0E; no copy/move/delete performed.
07_reviews/phase2f_memo_review_report.md,listed_in_phase0c_legacy_quarantine_plan; phase0c_decision=ARCHIVE_EVIDENCE_AFTER_APPROVAL,,ARCHIVE_EVIDENCE_AFTER_APPROVAL,LOW,yes,no,Preserved in place during Phase 0E; no copy/move/delete performed.
07_reviews/phase2g_gpt_review_report.md,listed_in_phase0c_legacy_quarantine_plan; phase0c_decision=ARCHIVE_EVIDENCE_AFTER_APPROVAL; touch_categories=weekly_reviews; sensitivity=MEDIUM,weekly_reviews,ARCHIVE_EVIDENCE_AFTER_APPROVAL,MEDIUM,yes,yes,Preserved in place during Phase 0E; no copy/move/delete performed.
07_reviews/phase2h_manual_filing_review_report.md,listed_in_phase0c_legacy_quarantine_plan; phase0c_decision=ARCHIVE_EVIDENCE_AFTER_APPROVAL,,ARCHIVE_EVIDENCE_AFTER_APPROVAL,LOW,yes,no,Preserved in place during Phase 0E; no copy/move/delete performed.
07_reviews/phase2i_human_notes_synthesis_report.md,listed_in_phase0c_legacy_quarantine_plan; phase0c_decision=ARCHIVE_EVIDENCE_AFTER_APPROVAL,,ARCHIVE_EVIDENCE_AFTER_APPROVAL,LOW,yes,no,Preserved in place during Phase 0E; no copy/move/delete performed.
07_reviews/phase2j_scenario_peer_report.md,listed_in_phase0c_legacy_quarantine_plan; phase0c_decision=ARCHIVE_EVIDENCE_AFTER_APPROVAL,,ARCHIVE_EVIDENCE_AFTER_APPROVAL,LOW,yes,no,Preserved in place during Phase 0E; no copy/move/delete performed.
07_reviews/phase2k_peer_data_report.md,listed_in_phase0c_legacy_quarantine_plan; phase0c_decision=ARCHIVE_EVIDENCE_AFTER_APPROVAL; touch_categories=risk_rules; sensitivity=MEDIUM,risk_rules,ARCHIVE_EVIDENCE_AFTER_APPROVAL,MEDIUM,yes,yes,Preserved in place during Phase 0E; no copy/move/delete performed.
07_reviews/phase2l_valuation_earnings_report.md,listed_in_phase0c_legacy_quarantine_plan; phase0c_decision=ARCHIVE_EVIDENCE_AFTER_APPROVAL,,ARCHIVE_EVIDENCE_AFTER_APPROVAL,LOW,yes,no,Preserved in place during Phase 0E; no copy/move/delete performed.
07_reviews/phase2m_research_decision_report.md,listed_in_phase0c_legacy_quarantine_plan; phase0c_decision=ARCHIVE_EVIDENCE_AFTER_APPROVAL; touch_categories=risk_rules; sensitivity=MEDIUM,risk_rules,ARCHIVE_EVIDENCE_AFTER_APPROVAL,MEDIUM,yes,yes,Preserved in place during Phase 0E; no copy/move/delete performed.
07_reviews/phase2n_paper_plan_draft_report.md,listed_in_phase0c_legacy_quarantine_plan; phase0c_decision=ARCHIVE_EVIDENCE_AFTER_APPROVAL; touch_categories=risk_rules; sensitivity=MEDIUM,risk_rules,ARCHIVE_EVIDENCE_AFTER_APPROVAL,MEDIUM,yes,yes,Preserved in place during Phase 0E; no copy/move/delete performed.
07_reviews/phase2o_paper_execution_readiness_report.md,listed_in_phase0c_legacy_quarantine_plan; phase0c_decision=LEGACY_QUARANTINE; touch_categories=trade_logs;risk_rules; sensitivity=HIGH,trade_logs;risk_rules,LEGACY_QUARANTINE,HIGH,yes,yes,Preserved in place during Phase 0E; no copy/move/delete performed.
07_reviews/phase2o_paper_execution_readiness_report_after_filled_chart.md,listed_in_phase0c_legacy_quarantine_plan; phase0c_decision=LEGACY_QUARANTINE; touch_categories=trade_logs;risk_rules; sensitivity=HIGH,trade_logs;risk_rules,LEGACY_QUARANTINE,HIGH,yes,yes,Preserved in place during Phase 0E; no copy/move/delete performed.
07_reviews/phase2p_paper_execution_log_setup_report.md,listed_in_phase0c_legacy_quarantine_plan; phase0c_decision=LEGACY_QUARANTINE; touch_categories=trade_logs;risk_rules; sensitivity=HIGH,trade_logs;risk_rules,LEGACY_QUARANTINE,HIGH,yes,yes,Preserved in place during Phase 0E; no copy/move/delete performed.
07_reviews/phase2q_paper_execution_decision_report.md,listed_in_phase0c_legacy_quarantine_plan; phase0c_decision=ARCHIVE_EVIDENCE_AFTER_APPROVAL; touch_categories=risk_rules; sensitivity=MEDIUM,risk_rules,ARCHIVE_EVIDENCE_AFTER_APPROVAL,MEDIUM,yes,yes,Preserved in place during Phase 0E; no copy/move/delete performed.
07_reviews/phase2q_paper_execution_decision_report_after_filled_inputs.md,listed_in_phase0c_legacy_quarantine_plan; phase0c_decision=ARCHIVE_EVIDENCE_AFTER_APPROVAL; touch_categories=risk_rules; sensitivity=MEDIUM,risk_rules,ARCHIVE_EVIDENCE_AFTER_APPROVAL,MEDIUM,yes,yes,Preserved in place during Phase 0E; no copy/move/delete performed.
07_reviews/phase2r_paper_execution_report.md,listed_in_phase0c_legacy_quarantine_plan; phase0c_decision=LEGACY_QUARANTINE; touch_categories=trade_logs; sensitivity=HIGH,trade_logs,LEGACY_QUARANTINE,HIGH,yes,yes,Preserved in place during Phase 0E; no copy/move/delete performed.
07_reviews/phase3a_real_position_structure_audit_report.md,listed_in_phase0c_legacy_quarantine_plan; phase0c_decision=LEGACY_QUARANTINE; touch_categories=real_positions;trade_logs;weekly_reviews;risk_rules; sensitivity=HIGH; path_or_name_matches_sensitive_surface,real_positions;trade_logs;weekly_reviews;risk_rules,LEGACY_QUARANTINE,HIGH,yes,yes,Preserved in place during Phase 0E; no copy/move/delete performed.
07_reviews/phase3b_real_position_log_report.md,listed_in_phase0c_legacy_quarantine_plan; phase0c_decision=LEGACY_QUARANTINE; touch_categories=real_positions;trade_logs;weekly_reviews; sensitivity=HIGH; path_or_name_matches_sensitive_surface,real_positions;trade_logs;weekly_reviews,LEGACY_QUARANTINE,HIGH,yes,yes,Preserved in place during Phase 0E; no copy/move/delete performed.
07_reviews/phase3b_real_position_log_report_after_filled_inputs.md,listed_in_phase0c_legacy_quarantine_plan; phase0c_decision=LEGACY_QUARANTINE; touch_categories=real_positions;trade_logs;weekly_reviews;risk_rules; sensitivity=HIGH; path_or_name_matches_sensitive_surface,real_positions;trade_logs;weekly_reviews;risk_rules,LEGACY_QUARANTINE,HIGH,yes,yes,Preserved in place during Phase 0E; no copy/move/delete performed.
07_reviews/phase3c_agent_restructure_report.md,listed_in_phase0c_legacy_quarantine_plan; phase0c_decision=EXCLUDE_FROM_PHASE5R; touch_categories=real_positions;email_drafts;weekly_reviews;risk_rules; sensitivity=HIGH,real_positions;email_drafts;weekly_reviews;risk_rules,EXCLUDE_FROM_PHASE5R,HIGH,yes,yes,Preserved in place during Phase 0E; no copy/move/delete performed.
07_reviews/phase4a_weekly_review_agent_report.md,listed_in_phase0c_legacy_quarantine_plan; phase0c_decision=EXCLUDE_FROM_PHASE5R; touch_categories=real_positions;email_drafts;sec_alerts;weekly_reviews; sensitivity=HIGH; path_or_name_matches_sensitive_surface,real_positions;email_drafts;sec_alerts;weekly_reviews,EXCLUDE_FROM_PHASE5R,HIGH,yes,yes,Preserved in place during Phase 0E; no copy/move/delete performed.
07_reviews/phase4b_email_draft_agent_report.md,listed_in_phase0c_legacy_quarantine_plan; phase0c_decision=EXCLUDE_FROM_PHASE5R; touch_categories=real_positions;email_drafts;weekly_reviews;risk_rules; sensitivity=HIGH; path_or_name_matches_sensitive_surface,real_positions;email_drafts;weekly_reviews;risk_rules,EXCLUDE_FROM_PHASE5R,HIGH,yes,yes,Preserved in place during Phase 0E; no copy/move/delete performed.
07_reviews/phase5a_email_automation_plan_report.md,listed_in_phase0c_legacy_quarantine_plan; phase0c_decision=EXCLUDE_FROM_PHASE5R; touch_categories=email_drafts;weekly_reviews; sensitivity=HIGH; path_or_name_matches_sensitive_surface,email_drafts;weekly_reviews,EXCLUDE_FROM_PHASE5R,HIGH,yes,yes,Preserved in place during Phase 0E; no copy/move/delete performed.
07_reviews/phase5b_email_preflight_report.md,listed_in_phase0c_legacy_quarantine_plan; phase0c_decision=EXCLUDE_FROM_PHASE5R; touch_categories=email_drafts; sensitivity=HIGH; path_or_name_matches_sensitive_surface,email_drafts,EXCLUDE_FROM_PHASE5R,HIGH,yes,yes,Preserved in place during Phase 0E; no copy/move/delete performed.
07_reviews/weekly_review_template.md,phase0c_decision=EXCLUDE_FROM_PHASE5R; touch_categories=weekly_reviews;risk_rules; sensitivity=MEDIUM; path_or_name_matches_sensitive_surface,weekly_reviews;risk_rules,EXCLUDE_FROM_PHASE5R,MEDIUM,no,yes,Preserved in place during Phase 0E; no copy/move/delete performed.
tests/smoke_tests.py,listed_in_phase0c_legacy_quarantine_plan; phase0c_decision=LEGACY_QUARANTINE; touch_categories=real_positions;trade_logs;weekly_reviews;risk_rules; sensitivity=HIGH,real_positions;trade_logs;weekly_reviews;risk_rules,LEGACY_QUARANTINE,HIGH,yes,yes,Preserved in place during Phase 0E; no copy/move/delete performed.
