relative_path,current_classification,sensitivity,touch_categories,phase_tokens,proposed_new_path,proposed_action,blocks_phase5r,review_reason,approval_question,review_owner_suggestion
.gitignore,KEEP,HIGH,email_drafts,,.gitignore,KEEP_IN_PLACE,yes,Touches email_drafts,"Approve proposed canonical destination/action, or override before any Phase 5R work.",human_owner
00_rules/brokerage_boundary.md,KEEP,HIGH,trade_logs,,01_policies/brokerage_boundary.md,COPY_TO_CANONICAL,yes,Touches trade_logs,"Approve proposed canonical destination/action, or override before any Phase 5R work.",human_owner
00_rules/manual_approval_policy.md,KEEP,MEDIUM,risk_rules,,01_policies/manual_approval_policy.md,COPY_TO_CANONICAL,yes,Touches risk_rules,"Approve proposed canonical destination/action, or override before any Phase 5R work.",human_owner
00_rules/risk_policy.md,KEEP,MEDIUM,risk_rules,,01_policies/risk_policy.md,COPY_TO_CANONICAL,yes,Touches risk_rules,"Approve proposed canonical destination/action, or override before any Phase 5R work.",human_owner
00_rules/trading_checklist.md,KEEP,MEDIUM,risk_rules,,01_policies/trading_checklist.md,COPY_TO_CANONICAL,yes,Touches risk_rules,"Approve proposed canonical destination/action, or override before any Phase 5R work.",human_owner
01_universe/phase2b_candidate_source_log.md,MIGRATE,MEDIUM,risk_rules,phase2b,02_universe/raw_sources/phase2b_candidate_source_log.md,COPY_TO_CANONICAL,no,Touches risk_rules,"Approve proposed canonical destination/action, or override before any Phase 5R work.",human_owner
03_research/agent_restructure_phase3c/current_structure_audit.md,NEEDS_HUMAN_REVIEW,HIGH,real_positions;trade_logs;email_drafts;weekly_reviews;risk_rules,phase0;phase2;phase2n;phase2p;phase2q;phase2r;phase3;phase3a;phase3b;phase3c,04_research/agent_restructure_phase3c/current_structure_audit.md,NEEDS_HUMAN_REVIEW,yes,Phase 0A classification requires human review; Touches real_positions;trade_logs;email_drafts;weekly_reviews;risk_rules,"Approve proposed canonical destination/action, or override before any Phase 5R work.",human_owner
03_research/agent_restructure_phase3c/proposed_real_monitoring_architecture.md,NEEDS_HUMAN_REVIEW,HIGH,real_positions;email_drafts;sec_alerts;weekly_reviews;risk_rules,phase3;phase3b;phase3c;phase4;phase4b;phase5,04_research/agent_restructure_phase3c/proposed_real_monitoring_architecture.md,NEEDS_HUMAN_REVIEW,yes,Phase 0A classification requires human review; Touches real_positions;email_drafts;sec_alerts;weekly_reviews;risk_rules,"Approve proposed canonical destination/action, or override before any Phase 5R work.",human_owner
03_research/agent_restructure_phase3c/security_boundary.md,NEEDS_HUMAN_REVIEW,HIGH,email_drafts;sec_alerts;risk_rules,phase3c;phase4;phase5,04_research/agent_restructure_phase3c/security_boundary.md,NEEDS_HUMAN_REVIEW,yes,Phase 0A classification requires human review; Touches email_drafts;sec_alerts;risk_rules,"Approve proposed canonical destination/action, or override before any Phase 5R work.",human_owner
03_research/agent_restructure_phase3c/weekly_email_agent_spec.md,NEEDS_HUMAN_REVIEW,HIGH,email_drafts;sec_alerts,phase3c;phase4b;phase5,07_automation/email_drafts/agent_restructure_phase3c/weekly_email_agent_spec.md,NEEDS_HUMAN_REVIEW,yes,Phase 0A classification requires human review; Touches email_drafts;sec_alerts,"Approve proposed canonical destination/action, or override before any Phase 5R work.",human_owner
03_research/company_memo_template.md,KEEP,MEDIUM,risk_rules,,04_research/templates/company_memo_template.md,COPY_TO_CANONICAL,yes,Touches risk_rules,"Approve proposed canonical destination/action, or override before any Phase 5R work.",human_owner
03_research/company_memos_phase2f/IOT_company_memo.md,ARCHIVE,LOW,,phase2e;phase2e1;phase2f,04_research/company_memos/IOT_company_memo.md,ARCHIVE_AFTER_APPROVAL,no,Approval required before archival/move,"Approve proposed canonical destination/action, or override before any Phase 5R work.",human_owner
03_research/company_memos_phase2f/RBRK_company_memo.md,ARCHIVE,LOW,,phase2e;phase2e1;phase2f,04_research/company_memos/RBRK_company_memo.md,ARCHIVE_AFTER_APPROVAL,no,Approval required before archival/move,"Approve proposed canonical destination/action, or override before any Phase 5R work.",human_owner
03_research/email_automation_phase5a/email_send_gate_policy.md,NEEDS_HUMAN_REVIEW,HIGH,email_drafts;weekly_reviews,phase5a,07_automation/email_drafts/email_automation_phase5a/email_send_gate_policy.md,NEEDS_HUMAN_REVIEW,yes,Phase 0A classification requires human review; Touches email_drafts;weekly_reviews,"Approve proposed canonical destination/action, or override before any Phase 5R work.",human_owner
03_research/email_automation_phase5a/failure_handling_plan.md,NEEDS_HUMAN_REVIEW,HIGH,email_drafts,phase5a,07_automation/email_drafts/email_automation_phase5a/failure_handling_plan.md,NEEDS_HUMAN_REVIEW,yes,Phase 0A classification requires human review; Touches email_drafts,"Approve proposed canonical destination/action, or override before any Phase 5R work.",human_owner
03_research/email_automation_phase5a/gmail_dry_run_plan.md,NEEDS_HUMAN_REVIEW,HIGH,email_drafts;sec_alerts;weekly_reviews,phase5a;phase5b;phase5c;phase5d;phase5e;phase5f,07_automation/email_drafts/email_automation_phase5a/gmail_dry_run_plan.md,NEEDS_HUMAN_REVIEW,yes,Phase 0A classification requires human review; Touches email_drafts;sec_alerts;weekly_reviews,"Approve proposed canonical destination/action, or override before any Phase 5R work.",human_owner
03_research/email_automation_phase5a/oauth_security_plan.md,NEEDS_HUMAN_REVIEW,HIGH,email_drafts,phase5a,07_automation/email_drafts/email_automation_phase5a/oauth_security_plan.md,NEEDS_HUMAN_REVIEW,yes,Phase 0A classification requires human review; Touches email_drafts,"Approve proposed canonical destination/action, or override before any Phase 5R work.",human_owner
03_research/email_draft_agent_phase4b/weekly_email_draft.html,NEEDS_HUMAN_REVIEW,HIGH,email_drafts;sec_alerts;weekly_reviews;risk_rules,phase4b,07_automation/email_drafts/email_draft_agent_phase4b/weekly_email_draft.html,NEEDS_HUMAN_REVIEW,yes,Phase 0A classification requires human review; Touches email_drafts;sec_alerts;weekly_reviews;risk_rules,"Approve proposed canonical destination/action, or override before any Phase 5R work.",human_owner
03_research/email_draft_agent_phase4b/weekly_email_draft.md,NEEDS_HUMAN_REVIEW,HIGH,email_drafts;sec_alerts;weekly_reviews;risk_rules,phase4b,07_automation/email_drafts/email_draft_agent_phase4b/weekly_email_draft.md,NEEDS_HUMAN_REVIEW,yes,Phase 0A classification requires human review; Touches email_drafts;sec_alerts;weekly_reviews;risk_rules,"Approve proposed canonical destination/action, or override before any Phase 5R work.",human_owner
03_research/email_draft_agent_phase4b/weekly_email_subject.txt,NEEDS_HUMAN_REVIEW,HIGH,email_drafts;risk_rules,phase4b,07_automation/email_drafts/email_draft_agent_phase4b/weekly_email_subject.txt,NEEDS_HUMAN_REVIEW,yes,Phase 0A classification requires human review; Touches email_drafts;risk_rules,"Approve proposed canonical destination/action, or override before any Phase 5R work.",human_owner
03_research/email_preflight_phase5b/preflight_rules.md,NEEDS_HUMAN_REVIEW,HIGH,email_drafts;weekly_reviews,phase5b,07_automation/email_drafts/email_preflight_phase5b/preflight_rules.md,NEEDS_HUMAN_REVIEW,yes,Phase 0A classification requires human review; Touches email_drafts;weekly_reviews,"Approve proposed canonical destination/action, or override before any Phase 5R work.",human_owner
03_research/email_preflight_phase5b/recipient_allowlist_policy.md,NEEDS_HUMAN_REVIEW,HIGH,email_drafts,phase5b,07_automation/email_drafts/email_preflight_phase5b/recipient_allowlist_policy.md,NEEDS_HUMAN_REVIEW,yes,Phase 0A classification requires human review; Touches email_drafts,"Approve proposed canonical destination/action, or override before any Phase 5R work.",human_owner
03_research/filing_excerpts_phase2f/IOT_filing_excerpts.md,ARCHIVE,LOW,,phase2f,04_research/filing_excerpts/IOT_filing_excerpts.md,ARCHIVE_AFTER_APPROVAL,no,Approval required before archival/move,"Approve proposed canonical destination/action, or override before any Phase 5R work.",human_owner
03_research/filing_excerpts_phase2f/RBRK_filing_excerpts.md,ARCHIVE,LOW,,phase2f,04_research/filing_excerpts/RBRK_filing_excerpts.md,ARCHIVE_AFTER_APPROVAL,no,Approval required before archival/move,"Approve proposed canonical destination/action, or override before any Phase 5R work.",human_owner
03_research/gpt_review_phase2g/IOT_gpt_review.md,ARCHIVE,LOW,,phase2e;phase2e1;phase2g,11_archive/historical_phase_outputs/phase2e/03_research/gpt_review_phase2g/IOT_gpt_review.md,ARCHIVE_AFTER_APPROVAL,no,Approval required before archival/move,"Approve proposed canonical destination/action, or override before any Phase 5R work.",human_owner
03_research/gpt_review_phase2g/RBRK_gpt_review.md,ARCHIVE,LOW,,phase2e;phase2e1;phase2g,11_archive/historical_phase_outputs/phase2e/03_research/gpt_review_phase2g/RBRK_gpt_review.md,ARCHIVE_AFTER_APPROVAL,no,Approval required before archival/move,"Approve proposed canonical destination/action, or override before any Phase 5R work.",human_owner
03_research/human_notes_synthesis_phase2i/IOT_synthesis.md,ARCHIVE,LOW,,phase2g;phase2h;phase2i;phase2j,11_archive/historical_phase_outputs/phase2g/03_research/human_notes_synthesis_phase2i/IOT_synthesis.md,ARCHIVE_AFTER_APPROVAL,no,Approval required before archival/move,"Approve proposed canonical destination/action, or override before any Phase 5R work.",human_owner
03_research/human_notes_synthesis_phase2i/RBRK_synthesis.md,ARCHIVE,LOW,,phase2g;phase2h;phase2i;phase2j,11_archive/historical_phase_outputs/phase2g/03_research/human_notes_synthesis_phase2i/RBRK_synthesis.md,ARCHIVE_AFTER_APPROVAL,no,Approval required before archival/move,"Approve proposed canonical destination/action, or override before any Phase 5R work.",human_owner
03_research/manual_filing_review_phase2h/IOT_manual_filing_review.md,ARCHIVE,LOW,,phase2f;phase2g;phase2h,11_archive/historical_phase_outputs/phase2f/03_research/manual_filing_review_phase2h/IOT_manual_filing_review.md,ARCHIVE_AFTER_APPROVAL,no,Approval required before archival/move,"Approve proposed canonical destination/action, or override before any Phase 5R work.",human_owner
03_research/manual_filing_review_phase2h/RBRK_manual_filing_review.md,ARCHIVE,LOW,,phase2f;phase2g;phase2h,11_archive/historical_phase_outputs/phase2f/03_research/manual_filing_review_phase2h/RBRK_manual_filing_review.md,ARCHIVE_AFTER_APPROVAL,no,Approval required before archival/move,"Approve proposed canonical destination/action, or override before any Phase 5R work.",human_owner
03_research/manual_filing_review_phase2h/phase2h_review_tracker.csv,ARCHIVE,LOW,,phase2h,11_archive/historical_phase_outputs/phase2h/03_research/manual_filing_review_phase2h/phase2h_review_tracker.csv,ARCHIVE_AFTER_APPROVAL,no,Approval required before archival/move,"Approve proposed canonical destination/action, or override before any Phase 5R work.",human_owner
03_research/paper_execution_decision_phase2q/IOT_phase2q_decision_gate.md,ARCHIVE,MEDIUM,risk_rules,phase2q;phase2r,05_risk_and_positions/paper_position_reviews/paper_execution_decision_phase2q/IOT_phase2q_decision_gate.md,ARCHIVE_AFTER_APPROVAL,no,Touches risk_rules; Approval required before archival/move,"Approve proposed canonical destination/action, or override before any Phase 5R work.",human_owner
03_research/paper_execution_decision_phase2q/RBRK_phase2q_decision_gate.md,ARCHIVE,MEDIUM,risk_rules,phase2q;phase2r,05_risk_and_positions/paper_position_reviews/paper_execution_decision_phase2q/RBRK_phase2q_decision_gate.md,ARCHIVE_AFTER_APPROVAL,no,Touches risk_rules; Approval required before archival/move,"Approve proposed canonical destination/action, or override before any Phase 5R work.",human_owner
03_research/paper_execution_log_phase2p/IOT_paper_execution_log_setup.md,NEEDS_HUMAN_REVIEW,HIGH,trade_logs;risk_rules,phase2o;phase2p;phase2q,05_risk_and_positions/paper_position_reviews/paper_execution_log_phase2p/IOT_paper_execution_log_setup.md,NEEDS_HUMAN_REVIEW,no,Phase 0A classification requires human review; Touches trade_logs;risk_rules,"Approve proposed canonical destination/action, or override before any Phase 5R work.",human_owner
03_research/paper_execution_log_phase2p/RBRK_paper_execution_log_setup.md,NEEDS_HUMAN_REVIEW,HIGH,trade_logs;risk_rules,phase2o;phase2p;phase2q,05_risk_and_positions/paper_position_reviews/paper_execution_log_phase2p/RBRK_paper_execution_log_setup.md,NEEDS_HUMAN_REVIEW,no,Phase 0A classification requires human review; Touches trade_logs;risk_rules,"Approve proposed canonical destination/action, or override before any Phase 5R work.",human_owner
03_research/paper_execution_phase2r/IOT_paper_execution_record.md,NEEDS_HUMAN_REVIEW,MEDIUM,weekly_reviews;risk_rules,phase2q;phase2r,05_risk_and_positions/paper_position_reviews/paper_execution_phase2r/IOT_paper_execution_record.md,NEEDS_HUMAN_REVIEW,no,Phase 0A classification requires human review; Touches weekly_reviews;risk_rules,"Approve proposed canonical destination/action, or override before any Phase 5R work.",human_owner
03_research/paper_execution_phase2r/RBRK_paper_execution_record.md,NEEDS_HUMAN_REVIEW,MEDIUM,weekly_reviews;risk_rules,phase2q;phase2r,05_risk_and_positions/paper_position_reviews/paper_execution_phase2r/RBRK_paper_execution_record.md,NEEDS_HUMAN_REVIEW,no,Phase 0A classification requires human review; Touches weekly_reviews;risk_rules,"Approve proposed canonical destination/action, or override before any Phase 5R work.",human_owner
03_research/paper_execution_readiness_phase2o/IOT_paper_execution_readiness.md,NEEDS_HUMAN_REVIEW,HIGH,trade_logs;risk_rules,phase2h;phase2n;phase2o;phase2p,05_risk_and_positions/paper_position_reviews/paper_execution_readiness_phase2o/IOT_paper_execution_readiness.md,NEEDS_HUMAN_REVIEW,no,Phase 0A classification requires human review; Touches trade_logs;risk_rules,"Approve proposed canonical destination/action, or override before any Phase 5R work.",human_owner
03_research/paper_execution_readiness_phase2o/RBRK_paper_execution_readiness.md,NEEDS_HUMAN_REVIEW,HIGH,trade_logs;risk_rules,phase2h;phase2n;phase2o;phase2p,05_risk_and_positions/paper_position_reviews/paper_execution_readiness_phase2o/RBRK_paper_execution_readiness.md,NEEDS_HUMAN_REVIEW,no,Phase 0A classification requires human review; Touches trade_logs;risk_rules,"Approve proposed canonical destination/action, or override before any Phase 5R work.",human_owner
03_research/paper_plan_drafts_phase2n/IOT_paper_plan_draft.md,ARCHIVE,MEDIUM,risk_rules,phase2j;phase2k;phase2m;phase2n,05_risk_and_positions/paper_position_reviews/paper_plan_drafts_phase2n/IOT_paper_plan_draft.md,ARCHIVE_AFTER_APPROVAL,no,Touches risk_rules; Approval required before archival/move,"Approve proposed canonical destination/action, or override before any Phase 5R work.",human_owner
03_research/paper_plan_drafts_phase2n/RBRK_paper_plan_draft.md,ARCHIVE,MEDIUM,risk_rules,phase2j;phase2k;phase2m;phase2n,05_risk_and_positions/paper_position_reviews/paper_plan_drafts_phase2n/RBRK_paper_plan_draft.md,ARCHIVE_AFTER_APPROVAL,no,Touches risk_rules; Approval required before archival/move,"Approve proposed canonical destination/action, or override before any Phase 5R work.",human_owner
03_research/peer_data_phase2k/IOT_peer_data.md,ARCHIVE,LOW,,phase2k;phase2l,04_research/peer_work/peer_data_phase2k/IOT_peer_data.md,ARCHIVE_AFTER_APPROVAL,no,Approval required before archival/move,"Approve proposed canonical destination/action, or override before any Phase 5R work.",human_owner
03_research/peer_data_phase2k/RBRK_peer_data.md,ARCHIVE,LOW,,phase2k;phase2l,04_research/peer_work/peer_data_phase2k/RBRK_peer_data.md,ARCHIVE_AFTER_APPROVAL,no,Approval required before archival/move,"Approve proposed canonical destination/action, or override before any Phase 5R work.",human_owner
03_research/real_position_audit_phase3a/IOT_real_position_audit.md,NEEDS_HUMAN_REVIEW,HIGH,real_positions;risk_rules,phase3a,05_risk_and_positions/real_position_reviews/real_position_audit_phase3a/IOT_real_position_audit.md,NEEDS_HUMAN_REVIEW,yes,Phase 0A classification requires human review; Touches real_positions;risk_rules,"Approve proposed canonical destination/action, or override before any Phase 5R work.",human_owner
03_research/real_position_audit_phase3a/RBRK_real_position_audit.md,NEEDS_HUMAN_REVIEW,HIGH,real_positions;risk_rules,phase3a,05_risk_and_positions/real_position_reviews/real_position_audit_phase3a/RBRK_real_position_audit.md,NEEDS_HUMAN_REVIEW,yes,Phase 0A classification requires human review; Touches real_positions;risk_rules,"Approve proposed canonical destination/action, or override before any Phase 5R work.",human_owner
03_research/real_position_monitoring_phase3b/IOT_real_position_note.md,NEEDS_HUMAN_REVIEW,HIGH,real_positions;weekly_reviews;risk_rules,phase3b;phase3c,05_risk_and_positions/real_position_reviews/real_position_monitoring_phase3b/IOT_real_position_note.md,NEEDS_HUMAN_REVIEW,yes,Phase 0A classification requires human review; Touches real_positions;weekly_reviews;risk_rules,"Approve proposed canonical destination/action, or override before any Phase 5R work.",human_owner
03_research/real_position_monitoring_phase3b/RBRK_real_position_note.md,NEEDS_HUMAN_REVIEW,HIGH,real_positions;weekly_reviews;risk_rules,phase3b;phase3c,05_risk_and_positions/real_position_reviews/real_position_monitoring_phase3b/RBRK_real_position_note.md,NEEDS_HUMAN_REVIEW,yes,Phase 0A classification requires human review; Touches real_positions;weekly_reviews;risk_rules,"Approve proposed canonical destination/action, or override before any Phase 5R work.",human_owner
03_research/red_team_phase2f/IOT_red_team.md,ARCHIVE,MEDIUM,risk_rules,phase2f,04_research/red_team/IOT_red_team.md,ARCHIVE_AFTER_APPROVAL,no,Touches risk_rules; Approval required before archival/move,"Approve proposed canonical destination/action, or override before any Phase 5R work.",human_owner
03_research/red_team_phase2f/RBRK_red_team.md,ARCHIVE,LOW,,phase2f,04_research/red_team/RBRK_red_team.md,ARCHIVE_AFTER_APPROVAL,no,Approval required before archival/move,"Approve proposed canonical destination/action, or override before any Phase 5R work.",human_owner
03_research/research_decision_phase2m/IOT_research_decision.md,ARCHIVE,LOW,,phase2k;phase2l;phase2m;phase2n,11_archive/historical_phase_outputs/phase2k/03_research/research_decision_phase2m/IOT_research_decision.md,ARCHIVE_AFTER_APPROVAL,no,Approval required before archival/move,"Approve proposed canonical destination/action, or override before any Phase 5R work.",human_owner
03_research/research_decision_phase2m/RBRK_research_decision.md,ARCHIVE,LOW,,phase2k;phase2l;phase2m;phase2n,11_archive/historical_phase_outputs/phase2k/03_research/research_decision_phase2m/RBRK_research_decision.md,ARCHIVE_AFTER_APPROVAL,no,Approval required before archival/move,"Approve proposed canonical destination/action, or override before any Phase 5R work.",human_owner
03_research/scenario_peer_work_phase2j/IOT_peer_framework.md,ARCHIVE,LOW,,phase2j,04_research/peer_work/scenario_peer_work_phase2j/IOT_peer_framework.md,ARCHIVE_AFTER_APPROVAL,no,Approval required before archival/move,"Approve proposed canonical destination/action, or override before any Phase 5R work.",human_owner
03_research/scenario_peer_work_phase2j/IOT_scenario_workpaper.md,ARCHIVE,LOW,,phase2i;phase2j,04_research/peer_work/scenario_peer_work_phase2j/IOT_scenario_workpaper.md,ARCHIVE_AFTER_APPROVAL,no,Approval required before archival/move,"Approve proposed canonical destination/action, or override before any Phase 5R work.",human_owner
03_research/scenario_peer_work_phase2j/RBRK_peer_framework.md,ARCHIVE,LOW,,phase2j,04_research/peer_work/scenario_peer_work_phase2j/RBRK_peer_framework.md,ARCHIVE_AFTER_APPROVAL,no,Approval required before archival/move,"Approve proposed canonical destination/action, or override before any Phase 5R work.",human_owner
03_research/scenario_peer_work_phase2j/RBRK_scenario_workpaper.md,ARCHIVE,LOW,,phase2i;phase2j,04_research/peer_work/scenario_peer_work_phase2j/RBRK_scenario_workpaper.md,ARCHIVE_AFTER_APPROVAL,no,Approval required before archival/move,"Approve proposed canonical destination/action, or override before any Phase 5R work.",human_owner
03_research/triage_notes_phase2e1/ACMR_phase2e1_note.md,ARCHIVE,MEDIUM,risk_rules,phase2e;phase2e1,11_archive/historical_phase_outputs/phase2e/03_research/triage_notes_phase2e1/ACMR_phase2e1_note.md,ARCHIVE_AFTER_APPROVAL,no,Touches risk_rules; Approval required before archival/move,"Approve proposed canonical destination/action, or override before any Phase 5R work.",human_owner
03_research/triage_notes_phase2e1/ALAB_phase2e1_note.md,ARCHIVE,MEDIUM,risk_rules,phase2e;phase2e1,11_archive/historical_phase_outputs/phase2e/03_research/triage_notes_phase2e1/ALAB_phase2e1_note.md,ARCHIVE_AFTER_APPROVAL,no,Touches risk_rules; Approval required before archival/move,"Approve proposed canonical destination/action, or override before any Phase 5R work.",human_owner
03_research/triage_notes_phase2e1/ARRY_phase2e1_note.md,ARCHIVE,MEDIUM,risk_rules,phase2e;phase2e1,11_archive/historical_phase_outputs/phase2e/03_research/triage_notes_phase2e1/ARRY_phase2e1_note.md,ARCHIVE_AFTER_APPROVAL,no,Touches risk_rules; Approval required before archival/move,"Approve proposed canonical destination/action, or override before any Phase 5R work.",human_owner
03_research/triage_notes_phase2e1/CRSP_phase2e1_note.md,ARCHIVE,MEDIUM,risk_rules,phase2e;phase2e1,11_archive/historical_phase_outputs/phase2e/03_research/triage_notes_phase2e1/CRSP_phase2e1_note.md,ARCHIVE_AFTER_APPROVAL,no,Touches risk_rules; Approval required before archival/move,"Approve proposed canonical destination/action, or override before any Phase 5R work.",human_owner
03_research/triage_notes_phase2e1/CRWV_phase2e1_note.md,ARCHIVE,MEDIUM,risk_rules,phase2e;phase2e1,11_archive/historical_phase_outputs/phase2e/03_research/triage_notes_phase2e1/CRWV_phase2e1_note.md,ARCHIVE_AFTER_APPROVAL,no,Touches risk_rules; Approval required before archival/move,"Approve proposed canonical destination/action, or override before any Phase 5R work.",human_owner
03_research/triage_notes_phase2e1/ENVX_phase2e1_note.md,ARCHIVE,LOW,,phase2e;phase2e1,11_archive/historical_phase_outputs/phase2e/03_research/triage_notes_phase2e1/ENVX_phase2e1_note.md,ARCHIVE_AFTER_APPROVAL,no,Approval required before archival/move,"Approve proposed canonical destination/action, or override before any Phase 5R work.",human_owner
03_research/triage_notes_phase2e1/FLNC_phase2e1_note.md,ARCHIVE,MEDIUM,risk_rules,phase2e;phase2e1,11_archive/historical_phase_outputs/phase2e/03_research/triage_notes_phase2e1/FLNC_phase2e1_note.md,ARCHIVE_AFTER_APPROVAL,no,Touches risk_rules; Approval required before archival/move,"Approve proposed canonical destination/action, or override before any Phase 5R work.",human_owner
03_research/triage_notes_phase2e1/IOT_phase2e1_note.md,ARCHIVE,LOW,,phase2e;phase2e1,11_archive/historical_phase_outputs/phase2e/03_research/triage_notes_phase2e1/IOT_phase2e1_note.md,ARCHIVE_AFTER_APPROVAL,no,Approval required before archival/move,"Approve proposed canonical destination/action, or override before any Phase 5R work.",human_owner
03_research/triage_notes_phase2e1/NVTS_phase2e1_note.md,ARCHIVE,MEDIUM,risk_rules,phase2e;phase2e1,11_archive/historical_phase_outputs/phase2e/03_research/triage_notes_phase2e1/NVTS_phase2e1_note.md,ARCHIVE_AFTER_APPROVAL,no,Touches risk_rules; Approval required before archival/move,"Approve proposed canonical destination/action, or override before any Phase 5R work.",human_owner
03_research/triage_notes_phase2e1/RBRK_phase2e1_note.md,ARCHIVE,LOW,,phase2e;phase2e1,11_archive/historical_phase_outputs/phase2e/03_research/triage_notes_phase2e1/RBRK_phase2e1_note.md,ARCHIVE_AFTER_APPROVAL,no,Approval required before archival/move,"Approve proposed canonical destination/action, or override before any Phase 5R work.",human_owner
03_research/triage_notes_phase2e1/RXRX_phase2e1_note.md,ARCHIVE,MEDIUM,risk_rules,phase2e;phase2e1,11_archive/historical_phase_outputs/phase2e/03_research/triage_notes_phase2e1/RXRX_phase2e1_note.md,ARCHIVE_AFTER_APPROVAL,no,Touches risk_rules; Approval required before archival/move,"Approve proposed canonical destination/action, or override before any Phase 5R work.",human_owner
03_research/triage_notes_phase2e1/TEM_phase2e1_note.md,ARCHIVE,MEDIUM,risk_rules,phase2e;phase2e1,11_archive/historical_phase_outputs/phase2e/03_research/triage_notes_phase2e1/TEM_phase2e1_note.md,ARCHIVE_AFTER_APPROVAL,no,Touches risk_rules; Approval required before archival/move,"Approve proposed canonical destination/action, or override before any Phase 5R work.",human_owner
03_research/valuation_earnings_phase2l/IOT_next_earnings_checklist.md,ARCHIVE,MEDIUM,risk_rules,phase2h;phase2k;phase2l,04_research/valuation_work/valuation_earnings_phase2l/IOT_next_earnings_checklist.md,ARCHIVE_AFTER_APPROVAL,no,Touches risk_rules; Approval required before archival/move,"Approve proposed canonical destination/action, or override before any Phase 5R work.",human_owner
03_research/valuation_earnings_phase2l/IOT_valuation_risk_workpaper.md,ARCHIVE,LOW,,phase2j;phase2k;phase2l,04_research/valuation_work/valuation_earnings_phase2l/IOT_valuation_risk_workpaper.md,ARCHIVE_AFTER_APPROVAL,no,Approval required before archival/move,"Approve proposed canonical destination/action, or override before any Phase 5R work.",human_owner
03_research/valuation_earnings_phase2l/RBRK_next_earnings_checklist.md,ARCHIVE,MEDIUM,risk_rules,phase2h;phase2k;phase2l,04_research/valuation_work/valuation_earnings_phase2l/RBRK_next_earnings_checklist.md,ARCHIVE_AFTER_APPROVAL,no,Touches risk_rules; Approval required before archival/move,"Approve proposed canonical destination/action, or override before any Phase 5R work.",human_owner
03_research/valuation_earnings_phase2l/RBRK_valuation_risk_workpaper.md,ARCHIVE,LOW,,phase2j;phase2k;phase2l,04_research/valuation_work/valuation_earnings_phase2l/RBRK_valuation_risk_workpaper.md,ARCHIVE_AFTER_APPROVAL,no,Approval required before archival/move,"Approve proposed canonical destination/action, or override before any Phase 5R work.",human_owner
03_research/weekly_review_agent_phase4a/IOT_weekly_review_note.md,NEEDS_HUMAN_REVIEW,HIGH,real_positions;sec_alerts;weekly_reviews;risk_rules,phase4a,07_automation/weekly_review_agent/weekly_review_agent_phase4a/IOT_weekly_review_note.md,NEEDS_HUMAN_REVIEW,yes,Phase 0A classification requires human review; Touches real_positions;sec_alerts;weekly_reviews;risk_rules,"Approve proposed canonical destination/action, or override before any Phase 5R work.",human_owner
03_research/weekly_review_agent_phase4a/RBRK_weekly_review_note.md,NEEDS_HUMAN_REVIEW,HIGH,real_positions;sec_alerts;weekly_reviews;risk_rules,phase4a,07_automation/weekly_review_agent/weekly_review_agent_phase4a/RBRK_weekly_review_note.md,NEEDS_HUMAN_REVIEW,yes,Phase 0A classification requires human review; Touches real_positions;sec_alerts;weekly_reviews;risk_rules,"Approve proposed canonical destination/action, or override before any Phase 5R work.",human_owner
04_data/phase2b_candidate_screening_results.csv,ARCHIVE,LOW,,phase2b,11_archive/historical_phase_outputs/phase2b/04_data/phase2b_candidate_screening_results.csv,ARCHIVE_AFTER_APPROVAL,no,Approval required before archival/move,"Approve proposed canonical destination/action, or override before any Phase 5R work.",human_owner
04_data/phase2e1_8k_dilution_review.csv,ARCHIVE,LOW,,phase2e1,11_archive/historical_phase_outputs/phase2e1/04_data/phase2e1_8k_dilution_review.csv,ARCHIVE_AFTER_APPROVAL,no,Approval required before archival/move,"Approve proposed canonical destination/action, or override before any Phase 5R work.",human_owner
04_data/phase2e1_manual_market_data_README.md,ARCHIVE,LOW,,phase2c;phase2e;phase2e1,03_source_data/market_data_manual/phase2e1_manual_market_data_README.md,ARCHIVE_AFTER_APPROVAL,no,Approval required before archival/move,"Approve proposed canonical destination/action, or override before any Phase 5R work.",human_owner
04_data/phase2e1_manual_market_data_filled.csv,ARCHIVE,LOW,,phase2e1,03_source_data/market_data_manual/phase2e1_manual_market_data_filled.csv,ARCHIVE_AFTER_APPROVAL,no,Approval required before archival/move,"Approve proposed canonical destination/action, or override before any Phase 5R work.",human_owner
04_data/phase2e1_manual_market_data_template.csv,ARCHIVE,LOW,,phase2e1,03_source_data/market_data_manual/phase2e1_manual_market_data_template.csv,ARCHIVE_AFTER_APPROVAL,no,Approval required before archival/move,"Approve proposed canonical destination/action, or override before any Phase 5R work.",human_owner
04_data/phase2e1_manual_market_data_validated.csv,ARCHIVE,LOW,,phase2e1,03_source_data/market_data_manual/phase2e1_manual_market_data_validated.csv,ARCHIVE_AFTER_APPROVAL,no,Approval required before archival/move,"Approve proposed canonical destination/action, or override before any Phase 5R work.",human_owner
04_data/phase2e1_rescored_candidates.csv,ARCHIVE,LOW,,phase2e1,11_archive/historical_phase_outputs/phase2e1/04_data/phase2e1_rescored_candidates.csv,ARCHIVE_AFTER_APPROVAL,no,Approval required before archival/move,"Approve proposed canonical destination/action, or override before any Phase 5R work.",human_owner
04_data/phase2e_financial_enrichment.csv,ARCHIVE,LOW,,phase2e,11_archive/historical_phase_outputs/phase2e/04_data/phase2e_financial_enrichment.csv,ARCHIVE_AFTER_APPROVAL,no,Approval required before archival/move,"Approve proposed canonical destination/action, or override before any Phase 5R work.",human_owner
04_data/phase2e_first_triage_scores.csv,ARCHIVE,LOW,,phase2e,11_archive/historical_phase_outputs/phase2e/04_data/phase2e_first_triage_scores.csv,ARCHIVE_AFTER_APPROVAL,no,Approval required before archival/move,"Approve proposed canonical destination/action, or override before any Phase 5R work.",human_owner
04_data/phase2f_memo_scores.csv,ARCHIVE,LOW,,phase2e;phase2f,11_archive/historical_phase_outputs/phase2e/04_data/phase2f_memo_scores.csv,ARCHIVE_AFTER_APPROVAL,no,Approval required before archival/move,"Approve proposed canonical destination/action, or override before any Phase 5R work.",human_owner
04_data/phase2g_review_labels.csv,ARCHIVE,LOW,,phase2f;phase2g,11_archive/historical_phase_outputs/phase2f/04_data/phase2g_review_labels.csv,ARCHIVE_AFTER_APPROVAL,no,Approval required before archival/move,"Approve proposed canonical destination/action, or override before any Phase 5R work.",human_owner
04_data/phase2i_evidence_gap_matrix.csv,ARCHIVE,LOW,,phase2i;phase2j,11_archive/historical_phase_outputs/phase2i/04_data/phase2i_evidence_gap_matrix.csv,ARCHIVE_AFTER_APPROVAL,no,Approval required before archival/move,"Approve proposed canonical destination/action, or override before any Phase 5R work.",human_owner
04_data/phase2i_synthesis_labels.csv,ARCHIVE,LOW,,phase2g;phase2h;phase2i;phase2j,11_archive/historical_phase_outputs/phase2g/04_data/phase2i_synthesis_labels.csv,ARCHIVE_AFTER_APPROVAL,no,Approval required before archival/move,"Approve proposed canonical destination/action, or override before any Phase 5R work.",human_owner
04_data/phase2j_scenario_peer_labels.csv,ARCHIVE,LOW,,phase2i;phase2j,11_archive/historical_phase_outputs/phase2i/04_data/phase2j_scenario_peer_labels.csv,ARCHIVE_AFTER_APPROVAL,no,Approval required before archival/move,"Approve proposed canonical destination/action, or override before any Phase 5R work.",human_owner
04_data/phase2k_peer_data.csv,ARCHIVE,LOW,,phase2k,11_archive/historical_phase_outputs/phase2k/04_data/phase2k_peer_data.csv,ARCHIVE_AFTER_APPROVAL,no,Approval required before archival/move,"Approve proposed canonical destination/action, or override before any Phase 5R work.",human_owner
04_data/phase2k_peer_data_quality.csv,ARCHIVE,LOW,,phase2k;phase2l,11_archive/historical_phase_outputs/phase2k/04_data/phase2k_peer_data_quality.csv,ARCHIVE_AFTER_APPROVAL,no,Approval required before archival/move,"Approve proposed canonical destination/action, or override before any Phase 5R work.",human_owner
04_data/phase2l_valuation_earnings_labels.csv,ARCHIVE,LOW,,phase2l;phase2m,11_archive/historical_phase_outputs/phase2l/04_data/phase2l_valuation_earnings_labels.csv,ARCHIVE_AFTER_APPROVAL,no,Approval required before archival/move,"Approve proposed canonical destination/action, or override before any Phase 5R work.",human_owner
04_data/phase2m_research_decision_labels.csv,ARCHIVE,LOW,,phase2l;phase2m;phase2n,11_archive/historical_phase_outputs/phase2l/04_data/phase2m_research_decision_labels.csv,ARCHIVE_AFTER_APPROVAL,no,Approval required before archival/move,"Approve proposed canonical destination/action, or override before any Phase 5R work.",human_owner
04_data/phase2n_paper_plan_draft_labels.csv,ARCHIVE,MEDIUM,risk_rules,phase2m;phase2n,11_archive/historical_phase_outputs/phase2m/04_data/phase2n_paper_plan_draft_labels.csv,ARCHIVE_AFTER_APPROVAL,no,Touches risk_rules; Approval required before archival/move,"Approve proposed canonical destination/action, or override before any Phase 5R work.",human_owner
04_data/phase2n_paper_plan_risk_template.csv,ARCHIVE,MEDIUM,risk_rules,phase2n,11_archive/historical_phase_outputs/phase2n/04_data/phase2n_paper_plan_risk_template.csv,ARCHIVE_AFTER_APPROVAL,no,Touches risk_rules; Approval required before archival/move,"Approve proposed canonical destination/action, or override before any Phase 5R work.",human_owner
04_data/phase2o_manual_chart_review_filled.csv,ARCHIVE,LOW,,phase2h;phase2o,05_risk_and_positions/paper_position_reviews/phase2o_manual_chart_review_filled.csv,ARCHIVE_AFTER_APPROVAL,no,Approval required before archival/move,"Approve proposed canonical destination/action, or override before any Phase 5R work.",human_owner
04_data/phase2o_manual_chart_review_validated.csv,ARCHIVE,LOW,,phase2o,05_risk_and_positions/paper_position_reviews/phase2o_manual_chart_review_validated.csv,ARCHIVE_AFTER_APPROVAL,no,Approval required before archival/move,"Approve proposed canonical destination/action, or override before any Phase 5R work.",human_owner
04_data/phase2o_paper_execution_readiness.csv,NEEDS_HUMAN_REVIEW,HIGH,trade_logs;risk_rules,phase2o;phase2p,05_risk_and_positions/paper_position_reviews/phase2o_paper_execution_readiness.csv,NEEDS_HUMAN_REVIEW,no,Phase 0A classification requires human review; Touches trade_logs;risk_rules,"Approve proposed canonical destination/action, or override before any Phase 5R work.",human_owner
04_data/phase2p_human_signoff_template.csv,ARCHIVE,MEDIUM,risk_rules,phase2p;phase2q,05_risk_and_positions/paper_position_reviews/phase2p_human_signoff_template.csv,ARCHIVE_AFTER_APPROVAL,no,Touches risk_rules; Approval required before archival/move,"Approve proposed canonical destination/action, or override before any Phase 5R work.",human_owner
04_data/phase2p_paper_execution_log.csv,NEEDS_HUMAN_REVIEW,HIGH,trade_logs;risk_rules,phase2o1b;phase2p;phase2q,05_risk_and_positions/paper_position_reviews/phase2p_paper_execution_log.csv,NEEDS_HUMAN_REVIEW,no,Phase 0A classification requires human review; Touches trade_logs;risk_rules,"Approve proposed canonical destination/action, or override before any Phase 5R work.",human_owner
04_data/phase2p_risk_calculator_inputs.csv,ARCHIVE,MEDIUM,risk_rules,phase2p;phase2q,05_risk_and_positions/paper_position_reviews/phase2p_risk_calculator_inputs.csv,ARCHIVE_AFTER_APPROVAL,no,Touches risk_rules; Approval required before archival/move,"Approve proposed canonical destination/action, or override before any Phase 5R work.",human_owner
04_data/phase2q_execution_decision.csv,ARCHIVE,LOW,,phase2q;phase2r,05_risk_and_positions/paper_position_reviews/phase2q_execution_decision.csv,ARCHIVE_AFTER_APPROVAL,no,Approval required before archival/move,"Approve proposed canonical destination/action, or override before any Phase 5R work.",human_owner
04_data/phase2q_manual_execution_inputs_filled.xlsx,ARCHIVE,LOW,,phase2q,05_risk_and_positions/paper_position_reviews/phase2q_manual_execution_inputs_filled.xlsx,ARCHIVE_AFTER_APPROVAL,no,Approval required before archival/move,"Approve proposed canonical destination/action, or override before any Phase 5R work.",human_owner
04_data/phase2q_manual_execution_inputs_filled_normalized.csv,ARCHIVE,LOW,,phase2h;phase2o;phase2q,05_risk_and_positions/paper_position_reviews/phase2q_manual_execution_inputs_filled_normalized.csv,ARCHIVE_AFTER_APPROVAL,no,Approval required before archival/move,"Approve proposed canonical destination/action, or override before any Phase 5R work.",human_owner
04_data/phase2q_manual_execution_inputs_validated.csv,ARCHIVE,LOW,,phase2q,05_risk_and_positions/paper_position_reviews/phase2q_manual_execution_inputs_validated.csv,ARCHIVE_AFTER_APPROVAL,no,Approval required before archival/move,"Approve proposed canonical destination/action, or override before any Phase 5R work.",human_owner
04_data/phase2q_risk_calculator_results.csv,ARCHIVE,MEDIUM,risk_rules,phase2q;phase2r,05_risk_and_positions/paper_position_reviews/phase2q_risk_calculator_results.csv,ARCHIVE_AFTER_APPROVAL,no,Touches risk_rules; Approval required before archival/move,"Approve proposed canonical destination/action, or override before any Phase 5R work.",human_owner
04_data/phase2r_monitoring_checklist.csv,ARCHIVE,LOW,,phase2r,05_risk_and_positions/paper_position_reviews/phase2r_monitoring_checklist.csv,ARCHIVE_AFTER_APPROVAL,no,Approval required before archival/move,"Approve proposed canonical destination/action, or override before any Phase 5R work.",human_owner
04_data/phase2r_open_paper_positions.csv,ARCHIVE,LOW,,phase2r,05_risk_and_positions/paper_position_reviews/phase2r_open_paper_positions.csv,ARCHIVE_AFTER_APPROVAL,no,Approval required before archival/move,"Approve proposed canonical destination/action, or override before any Phase 5R work.",human_owner
04_data/phase2r_paper_execution_log.csv,NEEDS_HUMAN_REVIEW,HIGH,trade_logs,phase2q;phase2r,05_risk_and_positions/paper_position_reviews/phase2r_paper_execution_log.csv,NEEDS_HUMAN_REVIEW,no,Phase 0A classification requires human review; Touches trade_logs,"Approve proposed canonical destination/action, or override before any Phase 5R work.",human_owner
04_data/phase3a_real_position_audit.csv,NEEDS_HUMAN_REVIEW,HIGH,real_positions,phase3a,05_risk_and_positions/real_position_reviews/phase3a_real_position_audit.csv,NEEDS_HUMAN_REVIEW,yes,Phase 0A classification requires human review; Touches real_positions,"Approve proposed canonical destination/action, or override before any Phase 5R work.",human_owner
04_data/phase3a_structure_transition_checklist.csv,NEEDS_HUMAN_REVIEW,HIGH,real_positions;trade_logs,phase2;phase3;phase3a,05_risk_and_positions/real_position_reviews/phase3a_structure_transition_checklist.csv,NEEDS_HUMAN_REVIEW,no,Phase 0A classification requires human review; Touches real_positions;trade_logs,"Approve proposed canonical destination/action, or override before any Phase 5R work.",human_owner
04_data/phase3b_real_position_input_template.csv,NEEDS_HUMAN_REVIEW,HIGH,real_positions,phase3b,05_risk_and_positions/real_position_reviews/phase3b_real_position_input_template.csv,NEEDS_HUMAN_REVIEW,yes,Phase 0A classification requires human review; Touches real_positions,"Approve proposed canonical destination/action, or override before any Phase 5R work.",human_owner
04_data/phase3b_real_position_inputs_filled.csv,NEEDS_HUMAN_REVIEW,HIGH,real_positions,phase3b,05_risk_and_positions/real_position_reviews/phase3b_real_position_inputs_filled.csv,NEEDS_HUMAN_REVIEW,yes,Phase 0A classification requires human review; Touches real_positions,"Approve proposed canonical destination/action, or override before any Phase 5R work.",human_owner
04_data/phase3b_real_position_inputs_filled_normalized.csv,NEEDS_HUMAN_REVIEW,HIGH,real_positions,phase3b,05_risk_and_positions/real_position_reviews/phase3b_real_position_inputs_filled_normalized.csv,NEEDS_HUMAN_REVIEW,yes,Phase 0A classification requires human review; Touches real_positions,"Approve proposed canonical destination/action, or override before any Phase 5R work.",human_owner
04_data/phase3b_real_position_log.csv,NEEDS_HUMAN_REVIEW,HIGH,real_positions,phase3b,05_risk_and_positions/real_position_reviews/phase3b_real_position_log.csv,NEEDS_HUMAN_REVIEW,yes,Phase 0A classification requires human review; Touches real_positions,"Approve proposed canonical destination/action, or override before any Phase 5R work.",human_owner
04_data/phase3b_real_position_risk_review.csv,NEEDS_HUMAN_REVIEW,HIGH,real_positions;risk_rules,phase3b,05_risk_and_positions/real_position_reviews/phase3b_real_position_risk_review.csv,NEEDS_HUMAN_REVIEW,yes,Phase 0A classification requires human review; Touches real_positions;risk_rules,"Approve proposed canonical destination/action, or override before any Phase 5R work.",human_owner
04_data/phase3b_real_risk_calculation.csv,NEEDS_HUMAN_REVIEW,HIGH,real_positions,phase3b,05_risk_and_positions/real_position_reviews/phase3b_real_risk_calculation.csv,NEEDS_HUMAN_REVIEW,yes,Phase 0A classification requires human review; Touches real_positions,"Approve proposed canonical destination/action, or override before any Phase 5R work.",human_owner
04_data/phase3b_weekly_monitoring_checklist.csv,NEEDS_HUMAN_REVIEW,HIGH,trade_logs;weekly_reviews,phase3b,05_risk_and_positions/real_position_reviews/phase3b_weekly_monitoring_checklist.csv,NEEDS_HUMAN_REVIEW,yes,Phase 0A classification requires human review; Touches trade_logs;weekly_reviews,"Approve proposed canonical destination/action, or override before any Phase 5R work.",human_owner
04_data/phase3c_restructure_action_items.csv,NEEDS_HUMAN_REVIEW,HIGH,real_positions;email_drafts;sec_alerts;weekly_reviews;risk_rules,phase3b;phase3c;phase4a;phase4b;phase5,03_source_data/derived/phase3c_restructure_action_items.csv,NEEDS_HUMAN_REVIEW,yes,Phase 0A classification requires human review; Touches real_positions;email_drafts;sec_alerts;weekly_reviews;risk_rules,"Approve proposed canonical destination/action, or override before any Phase 5R work.",human_owner
04_data/phase4a_weekly_action_labels.csv,NEEDS_HUMAN_REVIEW,MEDIUM,weekly_reviews,phase4a,07_automation/weekly_review_agent/outputs/phase4a_weekly_action_labels.csv,NEEDS_HUMAN_REVIEW,yes,Phase 0A classification requires human review; Touches weekly_reviews,"Approve proposed canonical destination/action, or override before any Phase 5R work.",human_owner
04_data/phase4a_weekly_real_position_alerts.csv,NEEDS_HUMAN_REVIEW,HIGH,real_positions;weekly_reviews,phase4a,05_risk_and_positions/real_position_reviews/phase4a_weekly_real_position_alerts.csv,NEEDS_HUMAN_REVIEW,yes,Phase 0A classification requires human review; Touches real_positions;weekly_reviews,"Approve proposed canonical destination/action, or override before any Phase 5R work.",human_owner
04_data/phase4a_weekly_review_run_log.csv,NEEDS_HUMAN_REVIEW,MEDIUM,weekly_reviews,phase4a,07_automation/weekly_review_agent/outputs/phase4a_weekly_review_run_log.csv,NEEDS_HUMAN_REVIEW,yes,Phase 0A classification requires human review; Touches weekly_reviews,"Approve proposed canonical destination/action, or override before any Phase 5R work.",human_owner
04_data/phase4b_email_draft_metadata.csv,NEEDS_HUMAN_REVIEW,HIGH,email_drafts;risk_rules,phase4b,07_automation/email_preflight/phase4b_email_draft_metadata.csv,NEEDS_HUMAN_REVIEW,yes,Phase 0A classification requires human review; Touches email_drafts;risk_rules,"Approve proposed canonical destination/action, or override before any Phase 5R work.",human_owner
04_data/phase4b_email_draft_run_log.csv,NEEDS_HUMAN_REVIEW,HIGH,real_positions;email_drafts;weekly_reviews,phase4b,07_automation/email_preflight/phase4b_email_draft_run_log.csv,NEEDS_HUMAN_REVIEW,yes,Phase 0A classification requires human review; Touches real_positions;email_drafts;weekly_reviews,"Approve proposed canonical destination/action, or override before any Phase 5R work.",human_owner
04_data/phase5a_email_automation_action_items.csv,NEEDS_HUMAN_REVIEW,HIGH,email_drafts,phase5a;phase5b;phase5d;phase5e;phase5f,07_automation/email_preflight/phase5a_email_automation_action_items.csv,NEEDS_HUMAN_REVIEW,yes,Phase 0A classification requires human review; Touches email_drafts,"Approve proposed canonical destination/action, or override before any Phase 5R work.",human_owner
04_data/phase5b_email_preflight_results.csv,NEEDS_HUMAN_REVIEW,HIGH,email_drafts,phase4b;phase5a;phase5b,07_automation/email_preflight/phase5b_email_preflight_results.csv,NEEDS_HUMAN_REVIEW,yes,Phase 0A classification requires human review; Touches email_drafts,"Approve proposed canonical destination/action, or override before any Phase 5R work.",human_owner
04_data/phase5b_email_preflight_run_log.csv,NEEDS_HUMAN_REVIEW,HIGH,email_drafts,phase5b,07_automation/email_preflight/phase5b_email_preflight_run_log.csv,NEEDS_HUMAN_REVIEW,yes,Phase 0A classification requires human review; Touches email_drafts,"Approve proposed canonical destination/action, or override before any Phase 5R work.",human_owner
04_data/phase5b_recipient_allowlist.csv,NEEDS_HUMAN_REVIEW,HIGH,email_drafts,phase5b,07_automation/email_preflight/phase5b_recipient_allowlist.csv,NEEDS_HUMAN_REVIEW,yes,Phase 0A classification requires human review; Touches email_drafts,"Approve proposed canonical destination/action, or override before any Phase 5R work.",human_owner
05_scripts/__pycache__/audit_phase3a_real_position_structure.cpython-313.pyc,DELETE_CANDIDATE,HIGH,real_positions,phase3a,(none - local cache cleanup candidate),DELETE_LATER_LOCAL_CACHE_ONLY,no,Touches real_positions,"Approve proposed canonical destination/action, or override before any Phase 5R work.",human_owner
05_scripts/__pycache__/check_phase4a_sec_filing_alerts.cpython-313.pyc,DELETE_CANDIDATE,MEDIUM,sec_alerts,phase4a,(none - local cache cleanup candidate),DELETE_LATER_LOCAL_CACHE_ONLY,no,Touches sec_alerts,"Approve proposed canonical destination/action, or override before any Phase 5R work.",human_owner
05_scripts/__pycache__/create_phase2p_paper_execution_log_setup.cpython-313.pyc,DELETE_CANDIDATE,HIGH,trade_logs,phase2p,(none - local cache cleanup candidate),DELETE_LATER_LOCAL_CACHE_ONLY,no,Touches trade_logs,"Approve proposed canonical destination/action, or override before any Phase 5R work.",human_owner
05_scripts/__pycache__/create_phase2r_paper_execution_log.cpython-313.pyc,DELETE_CANDIDATE,HIGH,trade_logs,phase2r,(none - local cache cleanup candidate),DELETE_LATER_LOCAL_CACHE_ONLY,no,Touches trade_logs,"Approve proposed canonical destination/action, or override before any Phase 5R work.",human_owner
05_scripts/__pycache__/create_phase3b_real_position_log.cpython-313.pyc,DELETE_CANDIDATE,HIGH,real_positions,phase3b,(none - local cache cleanup candidate),DELETE_LATER_LOCAL_CACHE_ONLY,no,Touches real_positions,"Approve proposed canonical destination/action, or override before any Phase 5R work.",human_owner
05_scripts/__pycache__/create_phase4a_weekly_action_labels.cpython-313.pyc,DELETE_CANDIDATE,MEDIUM,weekly_reviews,phase4a,(none - local cache cleanup candidate),DELETE_LATER_LOCAL_CACHE_ONLY,no,Touches weekly_reviews,"Approve proposed canonical destination/action, or override before any Phase 5R work.",human_owner
05_scripts/__pycache__/create_phase4b_weekly_email_draft.cpython-313.pyc,DELETE_CANDIDATE,HIGH,email_drafts,phase4b,(none - local cache cleanup candidate),DELETE_LATER_LOCAL_CACHE_ONLY,no,Touches email_drafts,"Approve proposed canonical destination/action, or override before any Phase 5R work.",human_owner
05_scripts/__pycache__/normalize_phase3b_real_position_inputs.cpython-313.pyc,DELETE_CANDIDATE,HIGH,real_positions,phase3b,(none - local cache cleanup candidate),DELETE_LATER_LOCAL_CACHE_ONLY,no,Touches real_positions,"Approve proposed canonical destination/action, or override before any Phase 5R work.",human_owner
05_scripts/__pycache__/risk_calculator.cpython-312.pyc,DELETE_CANDIDATE,MEDIUM,risk_rules,,(none - local cache cleanup candidate),DELETE_LATER_LOCAL_CACHE_ONLY,no,Touches risk_rules,"Approve proposed canonical destination/action, or override before any Phase 5R work.",human_owner
05_scripts/__pycache__/risk_calculator.cpython-313.pyc,DELETE_CANDIDATE,MEDIUM,risk_rules,,(none - local cache cleanup candidate),DELETE_LATER_LOCAL_CACHE_ONLY,no,Touches risk_rules,"Approve proposed canonical destination/action, or override before any Phase 5R work.",human_owner
05_scripts/__pycache__/run_phase2q_paper_risk_calculator.cpython-313.pyc,DELETE_CANDIDATE,MEDIUM,risk_rules,phase2q,(none - local cache cleanup candidate),DELETE_LATER_LOCAL_CACHE_ONLY,no,Touches risk_rules,"Approve proposed canonical destination/action, or override before any Phase 5R work.",human_owner
05_scripts/__pycache__/run_phase4a_weekly_real_position_review.cpython-313.pyc,DELETE_CANDIDATE,HIGH,real_positions;weekly_reviews,phase4a,(none - local cache cleanup candidate),DELETE_LATER_LOCAL_CACHE_ONLY,no,Touches real_positions;weekly_reviews,"Approve proposed canonical destination/action, or override before any Phase 5R work.",human_owner
05_scripts/audit_phase3a_real_position_structure.py,NEEDS_HUMAN_REVIEW,HIGH,real_positions;trade_logs;weekly_reviews;risk_rules,phase2;phase2p;phase2q;phase2r;phase2s;phase3;phase3a,09_scripts/phase_archive/audit_phase3a_real_position_structure.py,NEEDS_HUMAN_REVIEW,yes,Phase 0A classification requires human review; Touches real_positions;trade_logs;weekly_reviews;risk_rules,"Approve proposed canonical destination/action, or override before any Phase 5R work.",human_owner
05_scripts/audit_phase3c_agent_restructure.py,NEEDS_HUMAN_REVIEW,HIGH,real_positions;trade_logs;email_drafts;sec_alerts;weekly_reviews;risk_rules,phase0;phase2;phase2n;phase2p;phase2q;phase2r;phase3;phase3a;phase3b;phase3c;phase4;phase4a;phase4b;phase5,09_scripts/phase_archive/audit_phase3c_agent_restructure.py,NEEDS_HUMAN_REVIEW,yes,Phase 0A classification requires human review; Touches real_positions;trade_logs;email_drafts;sec_alerts;weekly_reviews;risk_rules,"Approve proposed canonical destination/action, or override before any Phase 5R work.",human_owner
05_scripts/calculate_phase3b_real_risk.py,NEEDS_HUMAN_REVIEW,HIGH,real_positions;risk_rules,phase3b,09_scripts/risk/calculate_real_position_risk.py,NEEDS_HUMAN_REVIEW,yes,Phase 0A classification requires human review; Touches real_positions;risk_rules,"Approve proposed canonical destination/action, or override before any Phase 5R work.",human_owner
05_scripts/check_phase4a_sec_filing_alerts.py,NEEDS_HUMAN_REVIEW,HIGH,real_positions;sec_alerts;weekly_reviews,phase4a,09_scripts/automation/check_sec_filing_alerts.py,NEEDS_HUMAN_REVIEW,yes,Phase 0A classification requires human review; Touches real_positions;sec_alerts;weekly_reviews,"Approve proposed canonical destination/action, or override before any Phase 5R work.",human_owner
05_scripts/create_phase2l_valuation_earnings_workpapers.py,MIGRATE,MEDIUM,risk_rules,phase2e1;phase2h;phase2i;phase2j;phase2k;phase2l;phase2m,09_scripts/phase_archive/create_phase2l_valuation_earnings_workpapers.py,COPY_TO_CANONICAL,yes,Touches risk_rules,"Approve proposed canonical destination/action, or override before any Phase 5R work.",human_owner
05_scripts/create_phase2m_research_decision_review.py,MIGRATE,MEDIUM,risk_rules,phase2f;phase2i;phase2j;phase2k;phase2l;phase2m;phase2n,09_scripts/phase_archive/create_phase2m_research_decision_review.py,COPY_TO_CANONICAL,yes,Touches risk_rules,"Approve proposed canonical destination/action, or override before any Phase 5R work.",human_owner
05_scripts/create_phase2n_paper_plan_drafts.py,MIGRATE,MEDIUM,risk_rules,phase2i;phase2j;phase2k;phase2l;phase2m;phase2n;phase2o,09_scripts/phase_archive/create_phase2n_paper_plan_drafts.py,COPY_TO_CANONICAL,yes,Touches risk_rules,"Approve proposed canonical destination/action, or override before any Phase 5R work.",human_owner
05_scripts/create_phase2o_paper_execution_readiness.py,NEEDS_HUMAN_REVIEW,HIGH,trade_logs;risk_rules,phase2e1;phase2l;phase2n;phase2o;phase2p,09_scripts/phase_archive/create_phase2o_paper_execution_readiness.py,NEEDS_HUMAN_REVIEW,yes,Phase 0A classification requires human review; Touches trade_logs;risk_rules,"Approve proposed canonical destination/action, or override before any Phase 5R work.",human_owner
05_scripts/create_phase2p_paper_execution_log_setup.py,NEEDS_HUMAN_REVIEW,HIGH,trade_logs;risk_rules,phase2n;phase2o;phase2o1b;phase2p;phase2q,09_scripts/phase_archive/create_phase2p_paper_execution_log_setup.py,NEEDS_HUMAN_REVIEW,yes,Phase 0A classification requires human review; Touches trade_logs;risk_rules,"Approve proposed canonical destination/action, or override before any Phase 5R work.",human_owner
05_scripts/create_phase2q_execution_decision_gate.py,NEEDS_HUMAN_REVIEW,HIGH,trade_logs;risk_rules,phase2n;phase2o;phase2p;phase2q;phase2r,09_scripts/phase_archive/create_phase2q_execution_decision_gate.py,NEEDS_HUMAN_REVIEW,yes,Phase 0A classification requires human review; Touches trade_logs;risk_rules,"Approve proposed canonical destination/action, or override before any Phase 5R work.",human_owner
05_scripts/create_phase2r_paper_execution_log.py,NEEDS_HUMAN_REVIEW,HIGH,trade_logs;weekly_reviews;risk_rules,phase2e1;phase2n;phase2o;phase2p;phase2q;phase2r;phase2s,09_scripts/phase_archive/create_phase2r_paper_execution_log.py,NEEDS_HUMAN_REVIEW,yes,Phase 0A classification requires human review; Touches trade_logs;weekly_reviews;risk_rules,"Approve proposed canonical destination/action, or override before any Phase 5R work.",human_owner
05_scripts/create_phase3b_real_position_log.py,NEEDS_HUMAN_REVIEW,HIGH,real_positions;trade_logs;weekly_reviews;risk_rules,phase2q;phase2r;phase3a;phase3b;phase3c,09_scripts/risk/create_real_position_log.py,NEEDS_HUMAN_REVIEW,yes,Phase 0A classification requires human review; Touches real_positions;trade_logs;weekly_reviews;risk_rules,"Approve proposed canonical destination/action, or override before any Phase 5R work.",human_owner
05_scripts/create_phase4a_weekly_action_labels.py,NEEDS_HUMAN_REVIEW,HIGH,real_positions;weekly_reviews,phase3b;phase4a,09_scripts/automation/create_weekly_action_labels.py,NEEDS_HUMAN_REVIEW,yes,Phase 0A classification requires human review; Touches real_positions;weekly_reviews,"Approve proposed canonical destination/action, or override before any Phase 5R work.",human_owner
05_scripts/create_phase4b_weekly_email_draft.py,NEEDS_HUMAN_REVIEW,HIGH,real_positions;email_drafts;sec_alerts;weekly_reviews;risk_rules,phase3c;phase4a;phase4b;phase5a,09_scripts/automation/create_weekly_email_draft.py,NEEDS_HUMAN_REVIEW,yes,Phase 0A classification requires human review; Touches real_positions;email_drafts;sec_alerts;weekly_reviews;risk_rules,"Approve proposed canonical destination/action, or override before any Phase 5R work.",human_owner
05_scripts/make_weekly_report.py,NEEDS_HUMAN_REVIEW,HIGH,real_positions;trade_logs;weekly_reviews,,09_scripts/research_generation/make_weekly_report.py,NEEDS_HUMAN_REVIEW,yes,Phase 0A classification requires human review; Touches real_positions;trade_logs;weekly_reviews,"Approve proposed canonical destination/action, or override before any Phase 5R work.",human_owner
05_scripts/normalize_phase3b_real_position_inputs.py,NEEDS_HUMAN_REVIEW,HIGH,real_positions,phase3b,09_scripts/risk/normalize_real_position_inputs.py,NEEDS_HUMAN_REVIEW,yes,Phase 0A classification requires human review; Touches real_positions,"Approve proposed canonical destination/action, or override before any Phase 5R work.",human_owner
05_scripts/phase5a_email_automation_preflight.py,NEEDS_HUMAN_REVIEW,HIGH,email_drafts,phase4b;phase5a,09_scripts/automation/email_automation_preflight.py,NEEDS_HUMAN_REVIEW,yes,Phase 0A classification requires human review; Touches email_drafts,"Approve proposed canonical destination/action, or override before any Phase 5R work.",human_owner
05_scripts/phase5b_email_preflight_validator.py,NEEDS_HUMAN_REVIEW,HIGH,email_drafts,phase4b;phase5a;phase5b;phase5c,09_scripts/automation/email_preflight_validator.py,NEEDS_HUMAN_REVIEW,yes,Phase 0A classification requires human review; Touches email_drafts,"Approve proposed canonical destination/action, or override before any Phase 5R work.",human_owner
05_scripts/rescore_phase2e1_candidates.py,MIGRATE,MEDIUM,risk_rules,phase2e;phase2e1,09_scripts/phase_archive/rescore_phase2e1_candidates.py,COPY_TO_CANONICAL,yes,Touches risk_rules,"Approve proposed canonical destination/action, or override before any Phase 5R work.",human_owner
05_scripts/review_8k_and_dilution_filings.py,KEEP,MEDIUM,risk_rules,phase2c;phase2e1,09_scripts/phase_archive/review_8k_and_dilution_filings.py,COPY_TO_CANONICAL,yes,Touches risk_rules,"Approve proposed canonical destination/action, or override before any Phase 5R work.",human_owner
05_scripts/risk_calculator.py,KEEP,MEDIUM,risk_rules,,09_scripts/risk/risk_calculator.py,COPY_TO_CANONICAL,yes,Touches risk_rules,"Approve proposed canonical destination/action, or override before any Phase 5R work.",human_owner
05_scripts/run_phase2q_paper_risk_calculator.py,MIGRATE,MEDIUM,risk_rules,phase2p;phase2q;phase2r,09_scripts/risk/run_paper_risk_calculator.py,COPY_TO_CANONICAL,yes,Touches risk_rules,"Approve proposed canonical destination/action, or override before any Phase 5R work.",human_owner
05_scripts/run_phase4a_weekly_real_position_review.py,NEEDS_HUMAN_REVIEW,HIGH,real_positions;email_drafts;sec_alerts;weekly_reviews;risk_rules,phase3b;phase4a;phase4b;phase5,09_scripts/automation/run_weekly_real_position_review.py,NEEDS_HUMAN_REVIEW,yes,Phase 0A classification requires human review; Touches real_positions;email_drafts;sec_alerts;weekly_reviews;risk_rules,"Approve proposed canonical destination/action, or override before any Phase 5R work.",human_owner
05_scripts/score_phase2k_peer_data_quality.py,MIGRATE,MEDIUM,risk_rules,phase2k;phase2l,09_scripts/phase_archive/score_phase2k_peer_data_quality.py,COPY_TO_CANONICAL,yes,Touches risk_rules,"Approve proposed canonical destination/action, or override before any Phase 5R work.",human_owner
05_scripts/validate_phase2o_manual_chart_review.py,MIGRATE,MEDIUM,risk_rules,phase2o,09_scripts/risk/validate_manual_chart_review.py,COPY_TO_CANONICAL,yes,Touches risk_rules,"Approve proposed canonical destination/action, or override before any Phase 5R work.",human_owner
06_trading/paper_trades.csv,NEEDS_HUMAN_REVIEW,HIGH,trade_logs,,06_execution_records/paper_trades/paper_trades.csv,NEEDS_HUMAN_REVIEW,yes,Phase 0A classification requires human review; Touches trade_logs,"Approve proposed canonical destination/action, or override before any Phase 5R work.",human_owner
06_trading/real_trades.csv,NEEDS_HUMAN_REVIEW,HIGH,real_positions;trade_logs,,06_execution_records/real_trades/real_trades.csv,NEEDS_HUMAN_REVIEW,yes,Phase 0A classification requires human review; Touches real_positions;trade_logs,"Approve proposed canonical destination/action, or override before any Phase 5R work.",human_owner
06_trading/trade_journal.csv,NEEDS_HUMAN_REVIEW,HIGH,trade_logs,,06_execution_records/trade_journal/trade_journal.csv,NEEDS_HUMAN_REVIEW,yes,Phase 0A classification requires human review; Touches trade_logs,"Approve proposed canonical destination/action, or override before any Phase 5R work.",human_owner
07_reviews/latest_real_position_weekly_review.md,NEEDS_HUMAN_REVIEW,HIGH,real_positions;sec_alerts;weekly_reviews;risk_rules,,08_reviews/current/latest_real_position_weekly_review.md,NEEDS_HUMAN_REVIEW,yes,Phase 0A classification requires human review; Touches real_positions;sec_alerts;weekly_reviews;risk_rules,"Approve proposed canonical destination/action, or override before any Phase 5R work.",human_owner
07_reviews/latest_weekly_report.md,NEEDS_HUMAN_REVIEW,MEDIUM,weekly_reviews,,08_reviews/current/latest_weekly_report.md,NEEDS_HUMAN_REVIEW,yes,Phase 0A classification requires human review; Touches weekly_reviews,"Approve proposed canonical destination/action, or override before any Phase 5R work.",human_owner
07_reviews/monthly_review_template.md,KEEP,MEDIUM,risk_rules,,08_reviews/templates/monthly_review_template.md,COPY_TO_CANONICAL,yes,Touches risk_rules,"Approve proposed canonical destination/action, or override before any Phase 5R work.",human_owner
07_reviews/phase0_audit_report.md,NEEDS_HUMAN_REVIEW,HIGH,real_positions;trade_logs;weekly_reviews;risk_rules,phase0;phase0a;phase0b;phase1,08_reviews/phase_archive/phase0_audit_report.md,ARCHIVE_AFTER_APPROVAL,no,Phase 0A classification requires human review; Touches real_positions;trade_logs;weekly_reviews;risk_rules; Approval required before archival/move,"Approve proposed canonical destination/action, or override before any Phase 5R work.",human_owner
07_reviews/phase0b_phase1a_report.md,NEEDS_HUMAN_REVIEW,HIGH,real_positions;trade_logs;weekly_reviews;risk_rules,phase0a;phase0b;phase1a;phase1b,08_reviews/phase_archive/phase0b_phase1a_report.md,ARCHIVE_AFTER_APPROVAL,no,Phase 0A classification requires human review; Touches real_positions;trade_logs;weekly_reviews;risk_rules; Approval required before archival/move,"Approve proposed canonical destination/action, or override before any Phase 5R work.",human_owner
07_reviews/phase1b_dry_run_report.md,NEEDS_HUMAN_REVIEW,MEDIUM,weekly_reviews;risk_rules,phase1b;phase1c,08_reviews/phase_archive/phase1b_dry_run_report.md,ARCHIVE_AFTER_APPROVAL,no,Phase 0A classification requires human review; Touches weekly_reviews;risk_rules; Approval required before archival/move,"Approve proposed canonical destination/action, or override before any Phase 5R work.",human_owner
07_reviews/phase1c_sec_fetch_report.md,NEEDS_HUMAN_REVIEW,MEDIUM,weekly_reviews;risk_rules,phase1c;phase1d,08_reviews/phase_archive/phase1c_sec_fetch_report.md,ARCHIVE_AFTER_APPROVAL,no,Phase 0A classification requires human review; Touches weekly_reviews;risk_rules; Approval required before archival/move,"Approve proposed canonical destination/action, or override before any Phase 5R work.",human_owner
07_reviews/phase1d_gpt_packet_report.md,NEEDS_HUMAN_REVIEW,MEDIUM,weekly_reviews;risk_rules,phase1c;phase1d,08_reviews/phase_archive/phase1d_gpt_packet_report.md,ARCHIVE_AFTER_APPROVAL,no,Phase 0A classification requires human review; Touches weekly_reviews;risk_rules; Approval required before archival/move,"Approve proposed canonical destination/action, or override before any Phase 5R work.",human_owner
07_reviews/phase1e_skill_draft_report.md,NEEDS_HUMAN_REVIEW,MEDIUM,weekly_reviews,phase1e;phase2a,08_reviews/phase_archive/phase1e_skill_draft_report.md,ARCHIVE_AFTER_APPROVAL,no,Phase 0A classification requires human review; Touches weekly_reviews; Approval required before archival/move,"Approve proposed canonical destination/action, or override before any Phase 5R work.",human_owner
07_reviews/phase2a_real_universe_setup_report.md,NEEDS_HUMAN_REVIEW,MEDIUM,weekly_reviews,phase1b;phase2a;phase2b,08_reviews/phase_archive/phase2a_real_universe_setup_report.md,ARCHIVE_AFTER_APPROVAL,no,Phase 0A classification requires human review; Touches weekly_reviews; Approval required before archival/move,"Approve proposed canonical destination/action, or override before any Phase 5R work.",human_owner
07_reviews/phase2b_candidate_sourcing_report.md,NEEDS_HUMAN_REVIEW,MEDIUM,weekly_reviews,phase2b;phase2c,08_reviews/phase_archive/phase2b_candidate_sourcing_report.md,ARCHIVE_AFTER_APPROVAL,no,Phase 0A classification requires human review; Touches weekly_reviews; Approval required before archival/move,"Approve proposed canonical destination/action, or override before any Phase 5R work.",human_owner
07_reviews/phase2c_sec_fetch_report.md,NEEDS_HUMAN_REVIEW,MEDIUM,weekly_reviews;risk_rules,phase1;phase2b;phase2c;phase2d,08_reviews/phase_archive/phase2c_sec_fetch_report.md,ARCHIVE_AFTER_APPROVAL,no,Phase 0A classification requires human review; Touches weekly_reviews;risk_rules; Approval required before archival/move,"Approve proposed canonical destination/action, or override before any Phase 5R work.",human_owner
07_reviews/phase2d_gpt_packet_report.md,NEEDS_HUMAN_REVIEW,MEDIUM,weekly_reviews;risk_rules,phase2b;phase2c;phase2d,08_reviews/phase_archive/phase2d_gpt_packet_report.md,ARCHIVE_AFTER_APPROVAL,no,Phase 0A classification requires human review; Touches weekly_reviews;risk_rules; Approval required before archival/move,"Approve proposed canonical destination/action, or override before any Phase 5R work.",human_owner
07_reviews/phase2e1_market_8k_dilution_report.md,ARCHIVE,LOW,,phase2e;phase2e1;phase2f,08_reviews/phase_archive/phase2e1_market_8k_dilution_report.md,ARCHIVE_AFTER_APPROVAL,no,Approval required before archival/move,"Approve proposed canonical destination/action, or override before any Phase 5R work.",human_owner
07_reviews/phase2e1_market_8k_dilution_report_after_filled_data.md,ARCHIVE,LOW,,phase2c;phase2e;phase2e1;phase2f,08_reviews/phase_archive/phase2e1_market_8k_dilution_report_after_filled_data.md,ARCHIVE_AFTER_APPROVAL,no,Approval required before archival/move,"Approve proposed canonical destination/action, or override before any Phase 5R work.",human_owner
07_reviews/phase2e_financial_enrichment_report.md,NEEDS_HUMAN_REVIEW,MEDIUM,weekly_reviews;risk_rules,phase2c;phase2e;phase2f,08_reviews/phase_archive/phase2e_financial_enrichment_report.md,ARCHIVE_AFTER_APPROVAL,no,Phase 0A classification requires human review; Touches weekly_reviews;risk_rules; Approval required before archival/move,"Approve proposed canonical destination/action, or override before any Phase 5R work.",human_owner
07_reviews/phase2f_memo_review_report.md,ARCHIVE,LOW,,phase2e;phase2e1;phase2f;phase2g,08_reviews/phase_archive/phase2f_memo_review_report.md,ARCHIVE_AFTER_APPROVAL,no,Approval required before archival/move,"Approve proposed canonical destination/action, or override before any Phase 5R work.",human_owner
07_reviews/phase2g_gpt_review_report.md,NEEDS_HUMAN_REVIEW,MEDIUM,weekly_reviews,phase2e;phase2e1;phase2f;phase2g;phase2h,08_reviews/phase_archive/phase2g_gpt_review_report.md,ARCHIVE_AFTER_APPROVAL,no,Phase 0A classification requires human review; Touches weekly_reviews; Approval required before archival/move,"Approve proposed canonical destination/action, or override before any Phase 5R work.",human_owner
07_reviews/phase2h_manual_filing_review_report.md,ARCHIVE,LOW,,phase2g;phase2h;phase2i,08_reviews/phase_archive/phase2h_manual_filing_review_report.md,ARCHIVE_AFTER_APPROVAL,no,Approval required before archival/move,"Approve proposed canonical destination/action, or override before any Phase 5R work.",human_owner
07_reviews/phase2i_human_notes_synthesis_report.md,ARCHIVE,LOW,,phase2f;phase2g;phase2h;phase2i;phase2j,08_reviews/phase_archive/phase2i_human_notes_synthesis_report.md,ARCHIVE_AFTER_APPROVAL,no,Approval required before archival/move,"Approve proposed canonical destination/action, or override before any Phase 5R work.",human_owner
07_reviews/phase2j_scenario_peer_report.md,ARCHIVE,LOW,,phase2j;phase2k,08_reviews/phase_archive/phase2j_scenario_peer_report.md,ARCHIVE_AFTER_APPROVAL,no,Approval required before archival/move,"Approve proposed canonical destination/action, or override before any Phase 5R work.",human_owner
07_reviews/phase2k_peer_data_report.md,ARCHIVE,MEDIUM,risk_rules,phase2k;phase2l,08_reviews/phase_archive/phase2k_peer_data_report.md,ARCHIVE_AFTER_APPROVAL,no,Touches risk_rules; Approval required before archival/move,"Approve proposed canonical destination/action, or override before any Phase 5R work.",human_owner
07_reviews/phase2l_valuation_earnings_report.md,ARCHIVE,LOW,,phase2l;phase2m,08_reviews/phase_archive/phase2l_valuation_earnings_report.md,ARCHIVE_AFTER_APPROVAL,no,Approval required before archival/move,"Approve proposed canonical destination/action, or override before any Phase 5R work.",human_owner
07_reviews/phase2m_research_decision_report.md,ARCHIVE,MEDIUM,risk_rules,phase2f;phase2i;phase2j;phase2k;phase2l;phase2m;phase2n,08_reviews/phase_archive/phase2m_research_decision_report.md,ARCHIVE_AFTER_APPROVAL,no,Touches risk_rules; Approval required before archival/move,"Approve proposed canonical destination/action, or override before any Phase 5R work.",human_owner
07_reviews/phase2n_paper_plan_draft_report.md,ARCHIVE,MEDIUM,risk_rules,phase2n;phase2o,08_reviews/phase_archive/phase2n_paper_plan_draft_report.md,ARCHIVE_AFTER_APPROVAL,no,Touches risk_rules; Approval required before archival/move,"Approve proposed canonical destination/action, or override before any Phase 5R work.",human_owner
07_reviews/phase2o_paper_execution_readiness_report.md,NEEDS_HUMAN_REVIEW,HIGH,trade_logs;risk_rules,phase2o;phase2p,08_reviews/phase_archive/phase2o_paper_execution_readiness_report.md,ARCHIVE_AFTER_APPROVAL,no,Phase 0A classification requires human review; Touches trade_logs;risk_rules; Approval required before archival/move,"Approve proposed canonical destination/action, or override before any Phase 5R work.",human_owner
07_reviews/phase2o_paper_execution_readiness_report_after_filled_chart.md,NEEDS_HUMAN_REVIEW,HIGH,trade_logs;risk_rules,phase2o;phase2p,08_reviews/phase_archive/phase2o_paper_execution_readiness_report_after_filled_chart.md,ARCHIVE_AFTER_APPROVAL,no,Phase 0A classification requires human review; Touches trade_logs;risk_rules; Approval required before archival/move,"Approve proposed canonical destination/action, or override before any Phase 5R work.",human_owner
07_reviews/phase2p_paper_execution_log_setup_report.md,NEEDS_HUMAN_REVIEW,HIGH,trade_logs;risk_rules,phase2p;phase2q,08_reviews/phase_archive/phase2p_paper_execution_log_setup_report.md,ARCHIVE_AFTER_APPROVAL,no,Phase 0A classification requires human review; Touches trade_logs;risk_rules; Approval required before archival/move,"Approve proposed canonical destination/action, or override before any Phase 5R work.",human_owner
07_reviews/phase2q_paper_execution_decision_report.md,ARCHIVE,MEDIUM,risk_rules,phase2q;phase2r,08_reviews/phase_archive/phase2q_paper_execution_decision_report.md,ARCHIVE_AFTER_APPROVAL,no,Touches risk_rules; Approval required before archival/move,"Approve proposed canonical destination/action, or override before any Phase 5R work.",human_owner
07_reviews/phase2q_paper_execution_decision_report_after_filled_inputs.md,ARCHIVE,MEDIUM,risk_rules,phase2q;phase2r,08_reviews/phase_archive/phase2q_paper_execution_decision_report_after_filled_inputs.md,ARCHIVE_AFTER_APPROVAL,no,Touches risk_rules; Approval required before archival/move,"Approve proposed canonical destination/action, or override before any Phase 5R work.",human_owner
07_reviews/phase2r_paper_execution_report.md,NEEDS_HUMAN_REVIEW,HIGH,trade_logs,phase2q;phase2r;phase2s,08_reviews/phase_archive/phase2r_paper_execution_report.md,ARCHIVE_AFTER_APPROVAL,no,Phase 0A classification requires human review; Touches trade_logs; Approval required before archival/move,"Approve proposed canonical destination/action, or override before any Phase 5R work.",human_owner
07_reviews/phase3a_real_position_structure_audit_report.md,NEEDS_HUMAN_REVIEW,HIGH,real_positions;trade_logs;weekly_reviews;risk_rules,phase2;phase2p;phase2q;phase2r;phase2s;phase3;phase3a,08_reviews/phase_archive/phase3a_real_position_structure_audit_report.md,ARCHIVE_AFTER_APPROVAL,no,Phase 0A classification requires human review; Touches real_positions;trade_logs;weekly_reviews;risk_rules; Approval required before archival/move,"Approve proposed canonical destination/action, or override before any Phase 5R work.",human_owner
07_reviews/phase3b_real_position_log_report.md,NEEDS_HUMAN_REVIEW,HIGH,real_positions;trade_logs;weekly_reviews,phase3b;phase3c,08_reviews/phase_archive/phase3b_real_position_log_report.md,ARCHIVE_AFTER_APPROVAL,no,Phase 0A classification requires human review; Touches real_positions;trade_logs;weekly_reviews; Approval required before archival/move,"Approve proposed canonical destination/action, or override before any Phase 5R work.",human_owner
07_reviews/phase3b_real_position_log_report_after_filled_inputs.md,NEEDS_HUMAN_REVIEW,HIGH,real_positions;trade_logs;weekly_reviews;risk_rules,phase3b;phase3c,08_reviews/phase_archive/phase3b_real_position_log_report_after_filled_inputs.md,ARCHIVE_AFTER_APPROVAL,no,Phase 0A classification requires human review; Touches real_positions;trade_logs;weekly_reviews;risk_rules; Approval required before archival/move,"Approve proposed canonical destination/action, or override before any Phase 5R work.",human_owner
07_reviews/phase3c_agent_restructure_report.md,NEEDS_HUMAN_REVIEW,HIGH,real_positions;email_drafts;weekly_reviews;risk_rules,phase2;phase3;phase3a;phase3b;phase3c;phase4;phase4a;phase4b;phase5,08_reviews/phase_archive/phase3c_agent_restructure_report.md,ARCHIVE_AFTER_APPROVAL,no,Phase 0A classification requires human review; Touches real_positions;email_drafts;weekly_reviews;risk_rules; Approval required before archival/move,"Approve proposed canonical destination/action, or override before any Phase 5R work.",human_owner
07_reviews/phase4a_weekly_review_agent_report.md,NEEDS_HUMAN_REVIEW,HIGH,real_positions;email_drafts;sec_alerts;weekly_reviews,phase4a;phase4b;phase5,08_reviews/phase_archive/phase4a_weekly_review_agent_report.md,ARCHIVE_AFTER_APPROVAL,no,Phase 0A classification requires human review; Touches real_positions;email_drafts;sec_alerts;weekly_reviews; Approval required before archival/move,"Approve proposed canonical destination/action, or override before any Phase 5R work.",human_owner
07_reviews/phase4b_email_draft_agent_report.md,NEEDS_HUMAN_REVIEW,HIGH,real_positions;email_drafts;weekly_reviews;risk_rules,phase4b;phase5a,08_reviews/phase_archive/phase4b_email_draft_agent_report.md,ARCHIVE_AFTER_APPROVAL,no,Phase 0A classification requires human review; Touches real_positions;email_drafts;weekly_reviews;risk_rules; Approval required before archival/move,"Approve proposed canonical destination/action, or override before any Phase 5R work.",human_owner
07_reviews/phase5a_email_automation_plan_report.md,NEEDS_HUMAN_REVIEW,HIGH,email_drafts;weekly_reviews,phase5a;phase5b,08_reviews/phase_archive/phase5a_email_automation_plan_report.md,ARCHIVE_AFTER_APPROVAL,no,Phase 0A classification requires human review; Touches email_drafts;weekly_reviews; Approval required before archival/move,"Approve proposed canonical destination/action, or override before any Phase 5R work.",human_owner
07_reviews/phase5b_email_preflight_report.md,NEEDS_HUMAN_REVIEW,HIGH,email_drafts,phase4b;phase5b;phase5c,08_reviews/phase_archive/phase5b_email_preflight_report.md,ARCHIVE_AFTER_APPROVAL,no,Phase 0A classification requires human review; Touches email_drafts; Approval required before archival/move,"Approve proposed canonical destination/action, or override before any Phase 5R work.",human_owner
07_reviews/weekly_review_template.md,NEEDS_HUMAN_REVIEW,MEDIUM,weekly_reviews;risk_rules,,08_reviews/templates/weekly_review_template.md,NEEDS_HUMAN_REVIEW,yes,Phase 0A classification requires human review; Touches weekly_reviews;risk_rules,"Approve proposed canonical destination/action, or override before any Phase 5R work.",human_owner
AGENTS.md,KEEP,HIGH,trade_logs,,AGENTS.md,KEEP_IN_PLACE,yes,Touches trade_logs,"Approve proposed canonical destination/action, or override before any Phase 5R work.",human_owner
README.md,KEEP,MEDIUM,weekly_reviews;risk_rules,phase0a;phase0b;phase1;phase1a,README.md,KEEP_IN_PLACE,yes,Touches weekly_reviews;risk_rules,"Approve proposed canonical destination/action, or override before any Phase 5R work.",human_owner
skills/early-public-equity-research/SKILL.md,KEEP,HIGH,trade_logs;weekly_reviews;risk_rules,,skills/early-public-equity-research/SKILL.md,KEEP_IN_PLACE,yes,Touches trade_logs;weekly_reviews;risk_rules,"Approve proposed canonical destination/action, or override before any Phase 5R work.",human_owner
skills/early-public-equity-research/references/phase_status.md,KEEP,MEDIUM,weekly_reviews;risk_rules,phase0a;phase0b;phase1a;phase1b;phase1c;phase1d;phase2a,skills/early-public-equity-research/references/phase_status.md,KEEP_IN_PLACE,yes,Touches weekly_reviews;risk_rules,"Approve proposed canonical destination/action, or override before any Phase 5R work.",human_owner
skills/early-public-equity-research/references/workflow.md,KEEP,MEDIUM,weekly_reviews;risk_rules,,skills/early-public-equity-research/references/workflow.md,KEEP_IN_PLACE,yes,Touches weekly_reviews;risk_rules,"Approve proposed canonical destination/action, or override before any Phase 5R work.",human_owner
tests/smoke_tests.py,KEEP,HIGH,real_positions;trade_logs;weekly_reviews;risk_rules,,10_tests/smoke_tests.py,COPY_TO_CANONICAL,yes,Touches real_positions;trade_logs;weekly_reviews;risk_rules,"Approve proposed canonical destination/action, or override before any Phase 5R work.",human_owner
00_project_control/phase0a_real_position_file_map.csv,KEEP,HIGH,real_positions,phase0a,00_project_control/audit_reports/phase0a/phase0a_real_position_file_map.csv,COPY_TO_CANONICAL,yes,Touches real_positions,"Approve proposed canonical destination/action, or override before any Phase 5R work.",human_owner
